menu_name,category,maker,kind,vocab_name,join,vocab_items,our_knobs,guide,manual,probable_vocab,confirm_in_reason
Dr. Octo Rex Loop Player,Instrument,Reason Studios,stock,Dr.REX Loop Player,hand,58,41,dr-octo-rex.md,29 Dr. Octo Rex Loop Player,,
Europa Shapeshifting Synthesizer,Instrument,Reason Studios,stock,Europa,prefix,130,48,europa.md,30 Europa Shapeshifting Synthesizer,,
Grain Sample Manipulator,Instrument,Reason Studios,stock,Grain,prefix,147,48,grain.md,31 Grain Sample Manipulator,,
Humana Vocal Ensemble,Instrument,Reason Studios,stock,Humana,prefix,53,48,humana.md,42 Humana Vocal Ensemble,,
ID8 Instrument Device,Instrument,Reason Studios,stock,ID8 Instrument Device,exact,22,6,id8.md,37 ID8 Instrument Device,,
Klang Tuned Percussion,Instrument,Reason Studios,stock,Klang,prefix,43,39,klang.md,40 Klang Tuned Percussion,,
Kong Drum Designer,Instrument,Reason Studios,stock,Kong Drum Designer,exact,371,48,kong.md,27 Kong Drum Designer,,
Malström Graintable Synthesizer,Instrument,Reason Studios,stock,Malstrom Graintable Synthesizer,exact,120,48,malstrom.md,35 Malström Synthesizer,,
MIDI Out Device,Instrument,Reason Studios,stock,MIDI Out Device,exact,0,0,none,45 MIDI Out Device,,
Mimic Creative Sampler,Instrument,Reason Studios,stock,Mimic,prefix,489,43,mimic.md,32 Mimic Creative Sampler,,
Monotone Bass Synthesizer,Instrument,Reason Studios,stock,Monotone,prefix,43,39,monotone.md,36 Monotone Bass Synthesizer,,
NN-XT Advanced Sampler,Instrument,Reason Studios,stock,NN-XT Advanced Sampler,exact,23,17,nn-xt.md,43 NN-XT Sampler,,
NN19 Digital Sampler,Instrument,Reason Studios,stock,NN19 Digital Sampler,hand,59,48,nn-19.md,44 NN-19 Sampler,,
Pangea World Instruments,Instrument,Reason Studios,stock,Pangea,prefix,43,39,pangea.md,41 Pangea World Instruments,,
Radical Piano,Instrument,Reason Studios,stock,radicalpiano,exact,31,26,radical-piano.md,39 Radical Piano,,
Redrum Drum Computer,Instrument,Reason Studios,stock,Redrum Drum Computer,exact,241,48,redrum.md,28 Redrum Drum Computer,,
Rytmik Drum Machine,Instrument,Reason Studios,stock,Rytmik Drum Machine,exact,0,0,rytmik.md,38 Rytmik Drum Machine,,
SubTractor Analog Synthesizer,Instrument,Reason Studios,stock,SubTractor Analog Synthesizer,exact,91,48,subtractor.md,34 Subtractor Synthesizer,,
Thor Polysonic Synthesizer,Instrument,Reason Studios,stock,Thor Polysonic Synthesizer,exact,369,48,thor.md,33 Thor Polysonic Synthesizer,,
Audio Track,Utility,Reason Studios,stock,,none,,,,,,
Combinator,Utility,Reason Studios,stock,Combinator,exact,34,8,combinator.md,63 The Combinator,,
Line Mixer 6:2,Utility,Reason Studios,stock,Line Mixer 6:2,exact,48,0,none,68 The Line Mixer 6:2,,
Matrix Pattern Sequencer,Utility,Reason Studios,stock,Matrix Pattern Sequencer,exact,60,0,matrix.md,66 Matrix Pattern Sequencer,,
Mix Channel,Utility,Reason Studios,stock,,none,,,,,Reason Main Mixer Channel,yes - check name by tooltip/Remote when mapping
Mixer 14:2,Utility,Reason Studios,stock,Mixer 14:2,exact,208,0,mixer-14-2.md,67 Mixer 14:2,,
Pulsar Dual LFO,Utility,Reason Studios,stock,Pulsar,prefix,33,0,pulsar.md,64 Pulsar Dual LFO,,
RPG-8 Monophonic Arpeggiator,Utility,Reason Studios,stock,RPG-8 Monophonic Arpeggiator,exact,90,0,rpg-8.md,65 RPG-8 Arpeggiator,,
Spider Audio Merger & Splitter,Utility,Reason Studios,stock,Spider Audio Merger & Splitter,exact,11,0,none,none,,
Spider CV Merger & Splitter,Utility,Reason Studios,stock,Spider CV Merger & Splitter,exact,48,0,none,none,,
Beat Map,Player,Reason Studios,stock,BeatMap,exact,12,0,none,none,,
Drum Sequencer,Player,Reason Studios,stock,,none,,,,,,
Dual Arpeggio,Player,Reason Studios,stock,,none,,,,,Arpeggio,yes - check name by tooltip/Remote when mapping
Note Echo,Player,Reason Studios,stock,NoteEcho,exact,8,0,none,none,,
Scales & Chords,Player,Reason Studios,stock,,none,,,,,ScalesAndChords,yes - check name by tooltip/Remote when mapping
Alligator Filter Gate,Effect,Reason Studios,stock,Alligator,hand,67,48,alligator.md,48 Alligator Triple Filtered Gate,,
Audiomatic Retro Transformer,Effect,Reason Studios,stock,Audiomatic,prefix,10,6,audiomatic.md,56 Audiomatic Retro Transformer,,
BV512 Digital Vocoder,Effect,Reason Studios,stock,BV512 Digital Vocoder,exact,76,0,bv512.md,52 BV512 Vocoder,,
CF-101 Chorus/Flanger,Effect,Reason Studios,stock,CF-101 Chorus/Flanger,exact,9,7,cf-101.md,62 Half-Rack Effects,,
Channel Dynamics,Effect,Reason Studios,stock,ChannelDynamics,hand,21,17,channel-dynamics.md,57 Channel Dynamics Compressor & Gate,,
Channel EQ,Effect,Reason Studios,stock,ChannelEQ,hand,23,19,channel-eq.md,58 Channel EQ Equalizer,,
COMP-01 Compressor/Limiter,Effect,Reason Studios,stock,COMP-01 Compressor/Limiter,exact,8,6,comp-01.md,62 Half-Rack Effects,,
D-11 Foldback Distortion,Effect,Reason Studios,stock,D-11 Foldback Distortion,exact,5,3,d-11.md,62 Half-Rack Effects,,
DDL-1 Digital Delay Line,Effect,Reason Studios,stock,DDL-1 Digital Delay Line,exact,10,8,ddl-1.md,62 Half-Rack Effects,,
ECF-42 Envelope Controlled Filter,Effect,Reason Studios,stock,ECF-42 Envelope Controlled Filter,exact,13,11,ecf-42.md,62 Half-Rack Effects,,
Master Bus Compressor,Effect,Reason Studios,stock,MasterCompressor,hand,13,9,master-bus-compressor.md,59 Master Bus Compressor,,
MClass Compressor,Effect,Reason Studios,stock,MClass Compressor,exact,14,8,mclass-compressor.md,61 The MClass Effects,,
MClass Equalizer,Effect,Reason Studios,stock,MClass Equalizer,exact,20,18,mclass-equalizer.md,61 The MClass Effects,,
MClass Maximizer,Effect,Reason Studios,stock,MClass Maximizer,exact,15,9,mclass-maximizer.md,61 The MClass Effects,,
MClass Stereo Imager,Effect,Reason Studios,stock,MClass Stereo Imager,exact,12,8,mclass-stereo-imager.md,61 The MClass Effects,,
Neptune Pitch Adjuster,Effect,Reason Studios,stock,Neptune Pitch Adjuster,hand,27,26,neptune.md,54 Neptune Pitch Adjuster and Voice Synth,,
PEQ-2 Two Band Parametric EQ,Effect,Reason Studios,stock,PEQ-2 Two Band Parametric EQ,exact,10,8,peq-2.md,62 Half-Rack Effects,,
PH-90 Phaser,Effect,Reason Studios,stock,PH-90 Phaser,exact,10,8,ph-90.md,62 Half-Rack Effects,,
Pulveriser Demolition,Effect,Reason Studios,stock,Pulveriser,hand,31,25,pulveriser.md,49 Pulveriser,,
Quartet Chorus Ensemble,Effect,Reason Studios,stock,Quartet,prefix,32,28,quartet.md,46 Quartet Chorus Ensemble,,
RV-7 Digital Reverb,Effect,Reason Studios,stock,RV-7 Digital Reverb,exact,8,6,rv-7.md,62 Half-Rack Effects,,
RV7000 MkII Reverb,Effect,Reason Studios,stock,RV7000 Advanced Reverb,hand,23,16,rv7000-mkii.md,53 RV7000 Mk II Advanced Reverb,,
Scream 4 Distortion,Effect,Reason Studios,stock,Scream 4 Distortion,exact,22,16,scream-4.md,51 Scream 4 Sound Destruction Unit,,
Softube Amp,Effect,Reason Studios,stock,,none,,,,,ReasonAmp,yes - check name by tooltip/Remote when mapping
Softube Bass Amp,Effect,Reason Studios,stock,,none,,,,,ReasonBassAmp,yes - check name by tooltip/Remote when mapping
Sweeper Modulation Effect,Effect,Reason Studios,stock,Sweeper,prefix,37,33,sweeper.md,47 Sweeper Modulation Effect,,
Synchronous Effect Modulator,Effect,Reason Studios,stock,Synchronous,prefix,36,32,synchronous.md,60 Synchronous Timed Effect Modulator,,
The Echo,Effect,Reason Studios,stock,The Echo,exact,32,26,the-echo.md,50 The Echo,,
UN-16 Unison,Effect,Reason Studios,stock,UN-16 Unison,exact,6,4,un-16.md,62 Half-Rack Effects,,
Elements DS-LFO,Utility,AirRaid Audio,RE,,none,,,,,,
Morfin XF Crossfader,Utility,Groovy Melon,RE,,none,,,,,,
A/B 12 Audio Out Switch,Utility,pongasoft,RE,,none,,,,,,
A/B Audio & CV Switch,Utility,pongasoft,RE,,none,,,,,,
CVA-7 CV Analyzer,Utility,pongasoft,RE,,none,,,,,,
RE 181 Mid/Side Audio Converter,Utility,Red Rock Sound,RE,,none,,,,,,
RPSpec Spectrogram,Utility,Rob Papen,RE,,none,,,,,,
Select CV Switch,Utility,Robotic Bean,RE,,none,,,,,,
Elements Splitter,Effect,AirRaid Audio,RE,,none,,,,,,
kHs Chorus,Effect,kiloHearts,RE,,none,,,,,,
Efektor Silencer Noise Gate,Effect,Kuassa,RE,,none,,,,,,
Softube Saturation Knob,Effect,Softube,RE,,none,,,,,,
Distort Chain,Effect,ThatMusicCompany,RE,,none,,,,,,
Mr OverDrive,Effect,ThatMusicCompany,RE,,none,,,,,,
T2 Phaser,Effect,ThatMusicCompany,RE,,none,,,,,,
Lounge Lizard Session 4 (VST3),Instrument,Applied Acoustics Systems,VST,,none,,,,,,
Strum Session 2 (VST3),Instrument,Applied Acoustics Systems,VST,,none,,,,,,
Ultra Analog Session 2 (VST3),Instrument,Applied Acoustics Systems,VST,,none,,,,,,
Addictive Drums 2 (VST3),Instrument,XLN Audio,VST,,none,,,,,,
Addictive Keys (VST3),Instrument,XLN Audio,VST,,none,,,,,,
AIR Multiband Filterbank (VST3),Effect,AIR Music Technology,VST,,none,,,,,,
Gateway (VST3),Effect,"Atkinson Advanced Modeling, LLC",VST,,none,,,,,,
Vox (VST3),Effect,BOTC,VST,,none,,,,,,
FAST Balancer (VST3),Effect,Focusrite,VST,,none,,,,,,
fast-balancer (VST2),Effect,Focusrite,VST,,none,,,,,,
Obliterate (VST3),Effect,Newfangled Audio,VST,,none,,,,,,
Clear (VST3),Effect,Supertone,VST,,none,,,,,,
T-De-Esser (VST3),Effect,Techivation,VST,,none,,,,,,
Addictive Trigger (VST3),Effect,XLN Audio,VST,,none,,,,,,
DS-10 Drum Shaper (VST3),Effect,XLN Audio,VST,,none,,,,,,
