device,code,reason_name,mapped,proven,flags
Audio Track,AUDT-F-B01,,False,False,
Audio Track,AUDT-F-D01,,False,False,
Audio Track,AUDT-F-B02,,False,False,
Audio Track,AUDT-F-B03,,False,False,
Audio Track,AUDT-F-S01,,False,False,
Audio Track,AUDT-F-K01,,False,False,
Audio Track,AUDT-F-B04,,False,False,
Audio Track,AUDT-F-B05,,False,False,
Audio Track,AUDT-F-B06,,False,False,
Audio Track,AUDT-F-D02,,False,False,
Audio Track,AUDT-F-D03,,False,False,
Audio Track,AUDT-B-B01,,False,False,
Audio Track,AUDT-B-D01,,False,False,
Audio Track,AUDT-B-D02,,False,False,
Audio Track,AUDT-B-D03,,False,False,
CF-101 Chorus/Flanger,CF101-F-B01,Enabled,True,True,
CF-101 Chorus/Flanger,CF101-F-D02,Peak Meter,False,False,
CF-101 Chorus/Flanger,CF101-F-D01,Device Name,True,False,
CF-101 Chorus/Flanger,CF101-F-K01,Delay,True,True,
CF-101 Chorus/Flanger,CF101-F-K02,Feedback,True,True,
CF-101 Chorus/Flanger,CF101-F-K03,Rate,True,True,
CF-101 Chorus/Flanger,CF101-F-B02,LFO Sync Enable,True,True,
CF-101 Chorus/Flanger,CF101-F-K04,Modulation Amount,True,True,
CF-101 Chorus/Flanger,CF101-F-B03,Send/Insert Mode,True,True,
CF-101 Chorus/Flanger,CF101-B-J01,,False,False,
CF-101 Chorus/Flanger,CF101-B-J02,,False,False,
CF-101 Chorus/Flanger,CF101-B-K01,,False,False,
CF-101 Chorus/Flanger,CF101-B-K02,,False,False,
CF-101 Chorus/Flanger,CF101-B-D01,,False,False,
CF-101 Chorus/Flanger,CF101-B-J03,,False,False,
CF-101 Chorus/Flanger,CF101-B-J04,,False,False,
CF-101 Chorus/Flanger,CF101-B-J05,,False,False,
CF-101 Chorus/Flanger,CF101-B-J06,,False,False,
Channel Dynamics,CDYN-F-B01,Enabled,True,True,
Channel Dynamics,CDYN-F-D01,Device Name,True,False,
Channel Dynamics,CDYN-F-B02,Comp On,True,True,
Channel Dynamics,CDYN-F-B04,Comp Peak On,True,True,
Channel Dynamics,CDYN-F-B05,Comp Fast On,True,True,
Channel Dynamics,CDYN-F-K03,Input Gain,True,True,
Channel Dynamics,CDYN-F-K04,Comp Ratio,True,True,
Channel Dynamics,CDYN-F-K05,Comp Threshold,True,True,
Channel Dynamics,CDYN-F-K06,Comp Release,True,True,
Channel Dynamics,CDYN-F-D02,,False,False,
Channel Dynamics,CDYN-F-B03,Gate On,True,True,
Channel Dynamics,CDYN-F-B06,Gate Exp On,True,True,
Channel Dynamics,CDYN-F-K01,Gate Hold,True,True,
Channel Dynamics,CDYN-F-B07,Gate Fast On,True,True,
Channel Dynamics,CDYN-F-K07,Gate Range,True,True,
Channel Dynamics,CDYN-F-K08,Gate Threshold,True,True,
Channel Dynamics,CDYN-F-K09,Gate Release,True,True,
Channel Dynamics,CDYN-F-D03,,False,False,
Channel Dynamics,CDYN-F-D04,,False,False,
Channel Dynamics,CDYN-F-D05,,False,False,
Channel Dynamics,CDYN-F-B08,Sidechain,True,True,
Channel Dynamics,CDYN-F-K02,Mix,True,True,
Channel Dynamics,CDYN-B-D03,,False,False,
Channel Dynamics,CDYN-B-J03,,False,False,
Channel Dynamics,CDYN-B-J04,,False,False,
Channel Dynamics,CDYN-B-J01,,False,False,
Channel Dynamics,CDYN-B-J02,,False,False,
Channel Dynamics,CDYN-B-J05,,False,False,
Channel Dynamics,CDYN-B-J06,,False,False,
Channel Dynamics,CDYN-B-J07,,False,False,
Channel Dynamics,CDYN-B-J08,,False,False,
Channel Dynamics,CDYN-B-D01,,False,False,
Channel Dynamics,CDYN-B-D02,,False,False,
Channel EQ,CEQ-F-B01,Enabled,True,True,
Channel EQ,CEQ-F-D05,Device Name,True,False,
Channel EQ,CEQ-F-B02,HPF On,True,True,
Channel EQ,CEQ-F-K07,HPF Frequency,True,True,
Channel EQ,CEQ-F-B03,LPF On,True,True,
Channel EQ,CEQ-F-K08,LPF Frequency,True,True,
Channel EQ,CEQ-F-K01,LF Gain,True,True,
Channel EQ,CEQ-F-D01,,False,False,
Channel EQ,CEQ-F-B04,LF Bell On,True,True,
Channel EQ,CEQ-F-K09,LF Frequency,True,True,
Channel EQ,CEQ-F-K02,LMF Gain,True,True,
Channel EQ,CEQ-F-D02,,False,False,
Channel EQ,CEQ-F-K03,LMF Q,True,True,
Channel EQ,CEQ-F-K10,LMF Frequency,True,True,
Channel EQ,CEQ-F-B05,E Mode On,True,True,
Channel EQ,CEQ-F-K04,HMF Gain,True,True,
Channel EQ,CEQ-F-D03,,False,False,
Channel EQ,CEQ-F-K05,HMF Q,True,True,
Channel EQ,CEQ-F-K11,HMF Frequency,True,True,
Channel EQ,CEQ-F-K06,HF Gain,True,True,
Channel EQ,CEQ-F-D04,,False,False,
Channel EQ,CEQ-F-K12,HF Frequency,True,True,
Channel EQ,CEQ-F-B06,HF Bell On,True,True,
Channel EQ,CEQ-F-K13,Gain,True,True,
Channel EQ,CEQ-F-D06,,False,False,
Channel EQ,CEQ-B-D03,,False,False,
Channel EQ,CEQ-B-K01,,False,False,
Channel EQ,CEQ-B-J01,,False,False,
Channel EQ,CEQ-B-K02,,False,False,
Channel EQ,CEQ-B-J02,,False,False,
Channel EQ,CEQ-B-K03,,False,False,
Channel EQ,CEQ-B-J03,,False,False,
Channel EQ,CEQ-B-K04,,False,False,
Channel EQ,CEQ-B-J04,,False,False,
Channel EQ,CEQ-B-K05,,False,False,
Channel EQ,CEQ-B-J05,,False,False,
Channel EQ,CEQ-B-K06,,False,False,
Channel EQ,CEQ-B-J06,,False,False,
Channel EQ,CEQ-B-J07,,False,False,
Channel EQ,CEQ-B-J08,,False,False,
Channel EQ,CEQ-B-J09,,False,False,
Channel EQ,CEQ-B-J10,,False,False,
Channel EQ,CEQ-B-D01,,False,False,
Channel EQ,CEQ-B-D02,,False,False,
Combinator,COMB-F-B01,,False,False,
Combinator,COMB-F-B02,Enabled,False,False,
Combinator,COMB-F-D04,Device Name,True,False,
Combinator,COMB-F-D01,,False,False,
Combinator,COMB-F-B03,,False,False,
Combinator,COMB-F-B04,,False,False,
Combinator,COMB-F-D02,,False,False,
Combinator,COMB-F-D03,Patch Name,False,False,
Combinator,COMB-F-B05,Select Next Patch,True,False,
Combinator,COMB-F-B06,,False,False,
Combinator,COMB-F-B07,,False,False,
Combinator,COMB-F-S01,Pitch Bend,False,False,
Combinator,COMB-F-S02,Mod Wheel,False,False,
Combinator,COMB-F-K01,Rotary 1,True,True,
Combinator,COMB-F-K02,Rotary 2,True,True,
Combinator,COMB-F-K03,Rotary 3,True,True,
Combinator,COMB-F-K04,Rotary 4,True,True,
Combinator,COMB-F-B08,Button 1,True,True,
Combinator,COMB-F-B09,Button 2,True,True,
Combinator,COMB-F-B10,Button 3,True,True,
Combinator,COMB-F-B11,Button 4,True,True,
Combinator,COMB-F-B12,,False,False,
Combinator,COMB-F-D05,,False,False,
Combinator,COMB-B-B01,,False,False,
Combinator,COMB-B-B02,,False,False,
Combinator,COMB-B-B03,,False,False,
Combinator,COMB-B-J01,,False,False,
Combinator,COMB-B-J04,,False,False,
Combinator,COMB-B-K01,,False,False,
Combinator,COMB-B-K03,,False,False,
Combinator,COMB-B-J02,,False,False,
Combinator,COMB-B-J05,,False,False,
Combinator,COMB-B-D01,,False,False,
Combinator,COMB-B-D04,,False,False,
Combinator,COMB-B-K02,,False,False,
Combinator,COMB-B-K04,,False,False,
Combinator,COMB-B-J03,,False,False,
Combinator,COMB-B-J06,,False,False,
Combinator,COMB-B-D02,,False,False,
Combinator,COMB-B-D05,,False,False,
Combinator,COMB-B-D03,,False,False,
Combinator,COMB-B-D06,,False,False,
Combinator,COMB-B-J07,,False,False,
Combinator,COMB-B-J08,,False,False,
Combinator,COMB-B-J09,,False,False,
Combinator,COMB-B-J10,,False,False,
Combinator,COMB-B-B04,,False,False,
COMP-01 Compressor/Limiter,COMP01-F-B01,Enabled,True,True,
COMP-01 Compressor/Limiter,COMP01-F-D02,Peak Meter,False,False,
COMP-01 Compressor/Limiter,COMP01-F-D01,Device Name,True,False,
COMP-01 Compressor/Limiter,COMP01-F-K01,Ratio,True,True,
COMP-01 Compressor/Limiter,COMP01-F-K02,Threshold,True,True,
COMP-01 Compressor/Limiter,COMP01-F-K03,Attack,True,True,
COMP-01 Compressor/Limiter,COMP01-F-K04,Release,True,True,
COMP-01 Compressor/Limiter,COMP01-F-D03,Gain,True,False,flat
COMP-01 Compressor/Limiter,COMP01-B-D01,,False,False,
COMP-01 Compressor/Limiter,COMP01-B-J01,,False,False,
COMP-01 Compressor/Limiter,COMP01-B-J02,,False,False,
COMP-01 Compressor/Limiter,COMP01-B-J03,,False,False,
COMP-01 Compressor/Limiter,COMP01-B-J04,,False,False,
D-11 Foldback Distortion,D11-F-B01,Enabled,True,True,
D-11 Foldback Distortion,D11-F-D02,Peak Meter,False,False,
D-11 Foldback Distortion,D11-F-D01,Device Name,True,False,
D-11 Foldback Distortion,D11-F-K01,Amount,True,True,
D-11 Foldback Distortion,D11-F-K02,Foldback,True,True,
D-11 Foldback Distortion,D11-B-D01,,False,False,
D-11 Foldback Distortion,D11-B-K01,,False,False,
D-11 Foldback Distortion,D11-B-J01,,False,False,
D-11 Foldback Distortion,D11-B-J02,,False,False,
D-11 Foldback Distortion,D11-B-J03,,False,False,
D-11 Foldback Distortion,D11-B-J04,,False,False,
D-11 Foldback Distortion,D11-B-J05,,False,False,
DDL-1 Digital Delay Line,DDL1-F-B01,Enabled,True,True,
DDL-1 Digital Delay Line,DDL1-F-D02,Peak Meter,False,False,
DDL-1 Digital Delay Line,DDL1-F-D01,Device Name,True,False,
DDL-1 Digital Delay Line,DDL1-F-D03,DelayTime (steps),True,True,
DDL-1 Digital Delay Line,DDL1-F-D04,DelayTime (ms),True,True,
DDL-1 Digital Delay Line,DDL1-F-B02,,False,False,
DDL-1 Digital Delay Line,DDL1-F-B03,Unit,True,True,
DDL-1 Digital Delay Line,DDL1-F-B04,Step Length,True,True,
DDL-1 Digital Delay Line,DDL1-F-K01,Feedback,True,True,
DDL-1 Digital Delay Line,DDL1-F-K02,Pan,True,True,
DDL-1 Digital Delay Line,DDL1-F-K03,Dry/Wet Balance,True,True,
DDL-1 Digital Delay Line,DDL1-B-J01,,False,False,
DDL-1 Digital Delay Line,DDL1-B-J02,,False,False,
DDL-1 Digital Delay Line,DDL1-B-K01,,False,False,
DDL-1 Digital Delay Line,DDL1-B-K02,,False,False,
DDL-1 Digital Delay Line,DDL1-B-D01,,False,False,
DDL-1 Digital Delay Line,DDL1-B-J03,,False,False,
DDL-1 Digital Delay Line,DDL1-B-J04,,False,False,
DDL-1 Digital Delay Line,DDL1-B-J05,,False,False,
DDL-1 Digital Delay Line,DDL1-B-J06,,False,False,
ECF-42 Envelope Controlled Filter,ECF42-F-B01,Enabled,True,True,
ECF-42 Envelope Controlled Filter,ECF42-F-D03,Peak Meter,False,False,
ECF-42 Envelope Controlled Filter,ECF42-F-D01,Device Name,True,False,
ECF-42 Envelope Controlled Filter,ECF42-F-D02,Trigger,True,False,flat
ECF-42 Envelope Controlled Filter,ECF42-F-K01,Frequency,True,True,
ECF-42 Envelope Controlled Filter,ECF42-F-K02,Resonance,True,True,
ECF-42 Envelope Controlled Filter,ECF42-F-K03,Env Amount,True,True,
ECF-42 Envelope Controlled Filter,ECF42-F-K04,Velocity,True,True,
ECF-42 Envelope Controlled Filter,ECF42-F-B02,Mode,True,True,
ECF-42 Envelope Controlled Filter,ECF42-F-K05,Attack,True,True,
ECF-42 Envelope Controlled Filter,ECF42-F-K06,Decay,True,True,
ECF-42 Envelope Controlled Filter,ECF42-F-K07,Sustain,True,True,
ECF-42 Envelope Controlled Filter,ECF42-F-K08,Release,True,True,
ECF-42 Envelope Controlled Filter,ECF42-B-D01,,False,False,
ECF-42 Envelope Controlled Filter,ECF42-B-K01,,False,False,
ECF-42 Envelope Controlled Filter,ECF42-B-J01,,False,False,
ECF-42 Envelope Controlled Filter,ECF42-B-K02,,False,False,
ECF-42 Envelope Controlled Filter,ECF42-B-J02,,False,False,
ECF-42 Envelope Controlled Filter,ECF42-B-K03,,False,False,
ECF-42 Envelope Controlled Filter,ECF42-B-J03,,False,False,
ECF-42 Envelope Controlled Filter,ECF42-B-J04,,False,False,
ECF-42 Envelope Controlled Filter,ECF42-B-J05,,False,False,
ECF-42 Envelope Controlled Filter,ECF42-B-J06,,False,False,
ECF-42 Envelope Controlled Filter,ECF42-B-J07,,False,False,
ECF-42 Envelope Controlled Filter,ECF42-B-J08,,False,False,
Hardware Interface,HWIF-F-B01,,False,False,
Hardware Interface,HWIF-F-D01,,False,False,
Hardware Interface,HWIF-F-D02,,False,False,
Hardware Interface,HWIF-F-B02,,False,False,
Hardware Interface,HWIF-F-B03,,False,False,
Hardware Interface,HWIF-F-B04,,False,False,
Hardware Interface,HWIF-F-B05,,False,False,
Hardware Interface,HWIF-F-B06,,False,False,
Hardware Interface,HWIF-F-B07,,False,False,
Hardware Interface,HWIF-F-D03,,False,False,
Hardware Interface,HWIF-F-B08,,False,False,
Hardware Interface,HWIF-F-B09,,False,False,
Hardware Interface,HWIF-F-K01,,False,False,
Hardware Interface,HWIF-F-D04,,False,False,
Hardware Interface,HWIF-F-B10,,False,False,
Hardware Interface,HWIF-F-D05,,False,False,
Hardware Interface,HWIF-F-B11,,False,False,
Hardware Interface,HWIF-F-D06,,False,False,
Hardware Interface,HWIF-F-B12,,False,False,
Hardware Interface,HWIF-F-D07,,False,False,
Hardware Interface,HWIF-F-B13,,False,False,
Hardware Interface,HWIF-F-D08,,False,False,
Hardware Interface,HWIF-F-B14,,False,False,
Hardware Interface,HWIF-F-D09,,False,False,
Hardware Interface,HWIF-F-B15,,False,False,
Hardware Interface,HWIF-F-D10,,False,False,
Hardware Interface,HWIF-F-B16,,False,False,
Hardware Interface,HWIF-F-D11,,False,False,
Hardware Interface,HWIF-F-B17,,False,False,
Hardware Interface,HWIF-F-D12,,False,False,
Hardware Interface,HWIF-F-B18,,False,False,
Hardware Interface,HWIF-F-D13,,False,False,
Hardware Interface,HWIF-F-B19,,False,False,
Hardware Interface,HWIF-F-D14,,False,False,
Hardware Interface,HWIF-F-B20,,False,False,
Hardware Interface,HWIF-F-D15,,False,False,
Hardware Interface,HWIF-F-B21,,False,False,
Hardware Interface,HWIF-F-D16,,False,False,
Hardware Interface,HWIF-F-B22,,False,False,
Hardware Interface,HWIF-F-D17,,False,False,
Hardware Interface,HWIF-F-B23,,False,False,
Hardware Interface,HWIF-F-D18,,False,False,
Hardware Interface,HWIF-F-B24,,False,False,
Hardware Interface,HWIF-F-D19,,False,False,
Hardware Interface,HWIF-F-B25,,False,False,
Hardware Interface,HWIF-F-D20,,False,False,
Hardware Interface,HWIF-F-B26,,False,False,
Hardware Interface,HWIF-F-D21,,False,False,
Hardware Interface,HWIF-F-B27,,False,False,
Hardware Interface,HWIF-F-D22,,False,False,
Hardware Interface,HWIF-F-B28,,False,False,
Hardware Interface,HWIF-F-D23,,False,False,
Hardware Interface,HWIF-F-B29,,False,False,
Hardware Interface,HWIF-F-D24,,False,False,
Hardware Interface,HWIF-F-B30,,False,False,
Hardware Interface,HWIF-F-D25,,False,False,
Hardware Interface,HWIF-F-B31,,False,False,
Hardware Interface,HWIF-F-D26,,False,False,
Hardware Interface,HWIF-F-B32,,False,False,
Hardware Interface,HWIF-F-D27,,False,False,
Hardware Interface,HWIF-F-B33,,False,False,
Hardware Interface,HWIF-F-D28,,False,False,
Hardware Interface,HWIF-F-B34,,False,False,
Hardware Interface,HWIF-F-D29,,False,False,
Hardware Interface,HWIF-F-B35,,False,False,
Hardware Interface,HWIF-F-D30,,False,False,
Hardware Interface,HWIF-F-B36,,False,False,
Hardware Interface,HWIF-F-D31,,False,False,
Hardware Interface,HWIF-F-B37,,False,False,
Hardware Interface,HWIF-F-D32,,False,False,
Hardware Interface,HWIF-F-B38,,False,False,
Hardware Interface,HWIF-F-D33,,False,False,
Hardware Interface,HWIF-F-B39,,False,False,
Hardware Interface,HWIF-F-D34,,False,False,
Hardware Interface,HWIF-F-B40,,False,False,
Hardware Interface,HWIF-F-D35,,False,False,
Hardware Interface,HWIF-F-B41,,False,False,
Hardware Interface,HWIF-F-D36,,False,False,
Hardware Interface,HWIF-F-B42,,False,False,
Hardware Interface,HWIF-F-D37,,False,False,
Hardware Interface,HWIF-F-B43,,False,False,
Hardware Interface,HWIF-F-D38,,False,False,
Hardware Interface,HWIF-F-B44,,False,False,
Hardware Interface,HWIF-F-D39,,False,False,
Hardware Interface,HWIF-F-B45,,False,False,
Hardware Interface,HWIF-F-D40,,False,False,
Hardware Interface,HWIF-F-B46,,False,False,
Hardware Interface,HWIF-F-D41,,False,False,
Hardware Interface,HWIF-F-B47,,False,False,
Hardware Interface,HWIF-F-D42,,False,False,
Hardware Interface,HWIF-F-B48,,False,False,
Hardware Interface,HWIF-F-D43,,False,False,
Hardware Interface,HWIF-F-B49,,False,False,
Hardware Interface,HWIF-F-D44,,False,False,
Hardware Interface,HWIF-F-B50,,False,False,
Hardware Interface,HWIF-F-D45,,False,False,
Hardware Interface,HWIF-F-B51,,False,False,
Hardware Interface,HWIF-F-D46,,False,False,
Hardware Interface,HWIF-F-B52,,False,False,
Hardware Interface,HWIF-F-D47,,False,False,
Hardware Interface,HWIF-F-B53,,False,False,
Hardware Interface,HWIF-F-D48,,False,False,
Hardware Interface,HWIF-F-B54,,False,False,
Hardware Interface,HWIF-F-D49,,False,False,
Hardware Interface,HWIF-F-B55,,False,False,
Hardware Interface,HWIF-F-D50,,False,False,
Hardware Interface,HWIF-F-B56,,False,False,
Hardware Interface,HWIF-F-D51,,False,False,
Hardware Interface,HWIF-F-B57,,False,False,
Hardware Interface,HWIF-F-D52,,False,False,
Hardware Interface,HWIF-F-B58,,False,False,
Hardware Interface,HWIF-F-D53,,False,False,
Hardware Interface,HWIF-F-B59,,False,False,
Hardware Interface,HWIF-F-D54,,False,False,
Hardware Interface,HWIF-F-B60,,False,False,
Hardware Interface,HWIF-F-D55,,False,False,
Hardware Interface,HWIF-F-B61,,False,False,
Hardware Interface,HWIF-F-D56,,False,False,
Hardware Interface,HWIF-F-B62,,False,False,
Hardware Interface,HWIF-F-D57,,False,False,
Hardware Interface,HWIF-F-B63,,False,False,
Hardware Interface,HWIF-F-D58,,False,False,
Hardware Interface,HWIF-F-B64,,False,False,
Hardware Interface,HWIF-F-D59,,False,False,
Hardware Interface,HWIF-F-B65,,False,False,
Hardware Interface,HWIF-F-D60,,False,False,
Hardware Interface,HWIF-F-B66,,False,False,
Hardware Interface,HWIF-F-D61,,False,False,
Hardware Interface,HWIF-F-B67,,False,False,
Hardware Interface,HWIF-F-D62,,False,False,
Hardware Interface,HWIF-F-B68,,False,False,
Hardware Interface,HWIF-F-D63,,False,False,
Hardware Interface,HWIF-F-B69,,False,False,
Hardware Interface,HWIF-F-D64,,False,False,
Hardware Interface,HWIF-F-B70,,False,False,
Hardware Interface,HWIF-F-D65,,False,False,
Hardware Interface,HWIF-F-B71,,False,False,
Hardware Interface,HWIF-F-D66,,False,False,
Hardware Interface,HWIF-F-B72,,False,False,
Hardware Interface,HWIF-F-D67,,False,False,
Hardware Interface,HWIF-F-B73,,False,False,
Hardware Interface,HWIF-F-D68,,False,False,
Hardware Interface,HWIF-F-B74,,False,False,
Hardware Interface,HWIF-F-B75,,False,False,
Hardware Interface,HWIF-F-B76,,False,False,
Hardware Interface,HWIF-F-B79,,False,False,
Hardware Interface,HWIF-F-B77,,False,False,
Hardware Interface,HWIF-F-B81,,False,False,
Hardware Interface,HWIF-F-B80,,False,False,
Hardware Interface,HWIF-F-B82,,False,False,
Hardware Interface,HWIF-F-K02,,False,False,
Hardware Interface,HWIF-F-K03,,False,False,
Hardware Interface,HWIF-F-D69,,False,False,
Hardware Interface,HWIF-F-B78,,False,False,
Hardware Interface,HWIF-F-B83,,False,False,
Hardware Interface,HWIF-F-B84,,False,False,
Hardware Interface,HWIF-F-B85,,False,False,
Hardware Interface,HWIF-F-B86,,False,False,
Hardware Interface,HWIF-F-D70,,False,False,
Hardware Interface,HWIF-F-D71,,False,False,
Hardware Interface,HWIF-F-D79,,False,False,
Hardware Interface,HWIF-F-B87,,False,False,
Hardware Interface,HWIF-F-D72,,False,False,
Hardware Interface,HWIF-F-D81,,False,False,
Hardware Interface,HWIF-F-B88,,False,False,
Hardware Interface,HWIF-F-D73,,False,False,
Hardware Interface,HWIF-F-D83,,False,False,
Hardware Interface,HWIF-F-B89,,False,False,
Hardware Interface,HWIF-F-D74,,False,False,
Hardware Interface,HWIF-F-D85,,False,False,
Hardware Interface,HWIF-F-B90,,False,False,
Hardware Interface,HWIF-F-D75,,False,False,
Hardware Interface,HWIF-F-D87,,False,False,
Hardware Interface,HWIF-F-B91,,False,False,
Hardware Interface,HWIF-F-D76,,False,False,
Hardware Interface,HWIF-F-D89,,False,False,
Hardware Interface,HWIF-F-B92,,False,False,
Hardware Interface,HWIF-F-D77,,False,False,
Hardware Interface,HWIF-F-D91,,False,False,
Hardware Interface,HWIF-F-B93,,False,False,
Hardware Interface,HWIF-F-D78,,False,False,
Hardware Interface,HWIF-F-D93,,False,False,
Hardware Interface,HWIF-F-B94,,False,False,
Hardware Interface,HWIF-F-D80,,False,False,
Hardware Interface,HWIF-F-D95,,False,False,
Hardware Interface,HWIF-F-B95,,False,False,
Hardware Interface,HWIF-F-D82,,False,False,
Hardware Interface,HWIF-F-D96,,False,False,
Hardware Interface,HWIF-F-B96,,False,False,
Hardware Interface,HWIF-F-D84,,False,False,
Hardware Interface,HWIF-F-D97,,False,False,
Hardware Interface,HWIF-F-B97,,False,False,
Hardware Interface,HWIF-F-D86,,False,False,
Hardware Interface,HWIF-F-D98,,False,False,
Hardware Interface,HWIF-F-B98,,False,False,
Hardware Interface,HWIF-F-D88,,False,False,
Hardware Interface,HWIF-F-D99,,False,False,
Hardware Interface,HWIF-F-B99,,False,False,
Hardware Interface,HWIF-F-D90,,False,False,
Hardware Interface,HWIF-F-D100,,False,False,
Hardware Interface,HWIF-F-B100,,False,False,
Hardware Interface,HWIF-F-D92,,False,False,
Hardware Interface,HWIF-F-D101,,False,False,
Hardware Interface,HWIF-F-B101,,False,False,
Hardware Interface,HWIF-F-D94,,False,False,
Hardware Interface,HWIF-F-D102,,False,False,
Hardware Interface,HWIF-F-B102,,False,False,
Hardware Interface,HWIF-B-B01,,False,False,
Hardware Interface,HWIF-B-D01,,False,False,
Hardware Interface,HWIF-B-D02,,False,False,
Hardware Interface,HWIF-B-B02,,False,False,
Hardware Interface,HWIF-B-B03,,False,False,
Hardware Interface,HWIF-B-B04,,False,False,
Hardware Interface,HWIF-B-B05,,False,False,
Hardware Interface,HWIF-B-D03,,False,False,
Hardware Interface,HWIF-B-D04,,False,False,
Hardware Interface,HWIF-B-D05,,False,False,
Hardware Interface,HWIF-B-D06,,False,False,
Hardware Interface,HWIF-B-D07,,False,False,
Hardware Interface,HWIF-B-D08,,False,False,
Hardware Interface,HWIF-B-D09,,False,False,
Hardware Interface,HWIF-B-D10,,False,False,
Hardware Interface,HWIF-B-D11,,False,False,
Hardware Interface,HWIF-B-D12,,False,False,
Hardware Interface,HWIF-B-J01,,False,False,
Hardware Interface,HWIF-B-J18,,False,False,
Hardware Interface,HWIF-B-J02,,False,False,
Hardware Interface,HWIF-B-J19,,False,False,
Hardware Interface,HWIF-B-J03,,False,False,
Hardware Interface,HWIF-B-J20,,False,False,
Hardware Interface,HWIF-B-J04,,False,False,
Hardware Interface,HWIF-B-J21,,False,False,
Hardware Interface,HWIF-B-J05,,False,False,
Hardware Interface,HWIF-B-J22,,False,False,
Hardware Interface,HWIF-B-J06,,False,False,
Hardware Interface,HWIF-B-J23,,False,False,
Hardware Interface,HWIF-B-J07,,False,False,
Hardware Interface,HWIF-B-J24,,False,False,
Hardware Interface,HWIF-B-J08,,False,False,
Hardware Interface,HWIF-B-J25,,False,False,
Hardware Interface,HWIF-B-J09,,False,False,
Hardware Interface,HWIF-B-J26,,False,False,
Hardware Interface,HWIF-B-J10,,False,False,
Hardware Interface,HWIF-B-J27,,False,False,
Hardware Interface,HWIF-B-J11,,False,False,
Hardware Interface,HWIF-B-J28,,False,False,
Hardware Interface,HWIF-B-J12,,False,False,
Hardware Interface,HWIF-B-J29,,False,False,
Hardware Interface,HWIF-B-J13,,False,False,
Hardware Interface,HWIF-B-J30,,False,False,
Hardware Interface,HWIF-B-J14,,False,False,
Hardware Interface,HWIF-B-J31,,False,False,
Hardware Interface,HWIF-B-J15,,False,False,
Hardware Interface,HWIF-B-J32,,False,False,
Hardware Interface,HWIF-B-J16,,False,False,
Hardware Interface,HWIF-B-J33,,False,False,
Hardware Interface,HWIF-B-J17,,False,False,
Hardware Interface,HWIF-B-J34,,False,False,
Hardware Interface,HWIF-B-J35,,False,False,
Hardware Interface,HWIF-B-J59,,False,False,
Hardware Interface,HWIF-B-J36,,False,False,
Hardware Interface,HWIF-B-J60,,False,False,
Hardware Interface,HWIF-B-J37,,False,False,
Hardware Interface,HWIF-B-J61,,False,False,
Hardware Interface,HWIF-B-J38,,False,False,
Hardware Interface,HWIF-B-J62,,False,False,
Hardware Interface,HWIF-B-J39,,False,False,
Hardware Interface,HWIF-B-J63,,False,False,
Hardware Interface,HWIF-B-J40,,False,False,
Hardware Interface,HWIF-B-J64,,False,False,
Hardware Interface,HWIF-B-J41,,False,False,
Hardware Interface,HWIF-B-J65,,False,False,
Hardware Interface,HWIF-B-J42,,False,False,
Hardware Interface,HWIF-B-J66,,False,False,
Hardware Interface,HWIF-B-J43,,False,False,
Hardware Interface,HWIF-B-J67,,False,False,
Hardware Interface,HWIF-B-J44,,False,False,
Hardware Interface,HWIF-B-J68,,False,False,
Hardware Interface,HWIF-B-J45,,False,False,
Hardware Interface,HWIF-B-J69,,False,False,
Hardware Interface,HWIF-B-J46,,False,False,
Hardware Interface,HWIF-B-J70,,False,False,
Hardware Interface,HWIF-B-J47,,False,False,
Hardware Interface,HWIF-B-J71,,False,False,
Hardware Interface,HWIF-B-J48,,False,False,
Hardware Interface,HWIF-B-J72,,False,False,
Hardware Interface,HWIF-B-J49,,False,False,
Hardware Interface,HWIF-B-J73,,False,False,
Hardware Interface,HWIF-B-J50,,False,False,
Hardware Interface,HWIF-B-J74,,False,False,
Hardware Interface,HWIF-B-J51,,False,False,
Hardware Interface,HWIF-B-J75,,False,False,
Hardware Interface,HWIF-B-J52,,False,False,
Hardware Interface,HWIF-B-J76,,False,False,
Hardware Interface,HWIF-B-J53,,False,False,
Hardware Interface,HWIF-B-J77,,False,False,
Hardware Interface,HWIF-B-J54,,False,False,
Hardware Interface,HWIF-B-J78,,False,False,
Hardware Interface,HWIF-B-J55,,False,False,
Hardware Interface,HWIF-B-J79,,False,False,
Hardware Interface,HWIF-B-J56,,False,False,
Hardware Interface,HWIF-B-J80,,False,False,
Hardware Interface,HWIF-B-J57,,False,False,
Hardware Interface,HWIF-B-J81,,False,False,
Hardware Interface,HWIF-B-J58,,False,False,
Hardware Interface,HWIF-B-J82,,False,False,
Hardware Interface,HWIF-B-J83,,False,False,
Hardware Interface,HWIF-B-J107,,False,False,
Hardware Interface,HWIF-B-J84,,False,False,
Hardware Interface,HWIF-B-J108,,False,False,
Hardware Interface,HWIF-B-J85,,False,False,
Hardware Interface,HWIF-B-J109,,False,False,
Hardware Interface,HWIF-B-J86,,False,False,
Hardware Interface,HWIF-B-J110,,False,False,
Hardware Interface,HWIF-B-J87,,False,False,
Hardware Interface,HWIF-B-J111,,False,False,
Hardware Interface,HWIF-B-J88,,False,False,
Hardware Interface,HWIF-B-J112,,False,False,
Hardware Interface,HWIF-B-J89,,False,False,
Hardware Interface,HWIF-B-J113,,False,False,
Hardware Interface,HWIF-B-J90,,False,False,
Hardware Interface,HWIF-B-J114,,False,False,
Hardware Interface,HWIF-B-J91,,False,False,
Hardware Interface,HWIF-B-J115,,False,False,
Hardware Interface,HWIF-B-J92,,False,False,
Hardware Interface,HWIF-B-J116,,False,False,
Hardware Interface,HWIF-B-J93,,False,False,
Hardware Interface,HWIF-B-J117,,False,False,
Hardware Interface,HWIF-B-J94,,False,False,
Hardware Interface,HWIF-B-J118,,False,False,
Hardware Interface,HWIF-B-J95,,False,False,
Hardware Interface,HWIF-B-J119,,False,False,
Hardware Interface,HWIF-B-J96,,False,False,
Hardware Interface,HWIF-B-J120,,False,False,
Hardware Interface,HWIF-B-J97,,False,False,
Hardware Interface,HWIF-B-J121,,False,False,
Hardware Interface,HWIF-B-J98,,False,False,
Hardware Interface,HWIF-B-J122,,False,False,
Hardware Interface,HWIF-B-J99,,False,False,
Hardware Interface,HWIF-B-J123,,False,False,
Hardware Interface,HWIF-B-J100,,False,False,
Hardware Interface,HWIF-B-J124,,False,False,
Hardware Interface,HWIF-B-J101,,False,False,
Hardware Interface,HWIF-B-J125,,False,False,
Hardware Interface,HWIF-B-J102,,False,False,
Hardware Interface,HWIF-B-J126,,False,False,
Hardware Interface,HWIF-B-J103,,False,False,
Hardware Interface,HWIF-B-J127,,False,False,
Hardware Interface,HWIF-B-J104,,False,False,
Hardware Interface,HWIF-B-J128,,False,False,
Hardware Interface,HWIF-B-J105,,False,False,
Hardware Interface,HWIF-B-J129,,False,False,
Hardware Interface,HWIF-B-J106,,False,False,
Hardware Interface,HWIF-B-J130,,False,False,
Line Mixer 6:2,LNMX-F-D01,Device Name,True,False,
Line Mixer 6:2,LNMX-F-K02,Channel 1 Aux Send,False,False,
Line Mixer 6:2,LNMX-F-K04,Channel 1 Pan,False,False,
Line Mixer 6:2,LNMX-F-K03,Channel 1 Level,False,False,
Line Mixer 6:2,LNMX-F-B01,Channel 1 Mute,False,False,
Line Mixer 6:2,LNMX-F-B02,Channel 1 Solo,False,False,
Line Mixer 6:2,LNMX-F-D02,Channel 1 Peak Meter,False,False,
Line Mixer 6:2,LNMX-F-D10,Channel 1 Name,False,False,
Line Mixer 6:2,LNMX-F-K05,Channel 2 Aux Send,False,False,
Line Mixer 6:2,LNMX-F-K07,Channel 2 Pan,False,False,
Line Mixer 6:2,LNMX-F-K06,Channel 2 Level,False,False,
Line Mixer 6:2,LNMX-F-B03,Channel 2 Mute,False,False,
Line Mixer 6:2,LNMX-F-B04,Channel 2 Solo,False,False,
Line Mixer 6:2,LNMX-F-D03,Channel 2 Peak Meter,False,False,
Line Mixer 6:2,LNMX-F-D11,Channel 2 Name,False,False,
Line Mixer 6:2,LNMX-F-K08,Channel 3 Aux Send,False,False,
Line Mixer 6:2,LNMX-F-K10,Channel 3 Pan,False,False,
Line Mixer 6:2,LNMX-F-K09,Channel 3 Level,False,False,
Line Mixer 6:2,LNMX-F-B05,Channel 3 Mute,False,False,
Line Mixer 6:2,LNMX-F-B06,Channel 3 Solo,False,False,
Line Mixer 6:2,LNMX-F-D04,Channel 3 Peak Meter,False,False,
Line Mixer 6:2,LNMX-F-D12,Channel 3 Name,False,False,
Line Mixer 6:2,LNMX-F-K11,Channel 4 Aux Send,False,False,
Line Mixer 6:2,LNMX-F-K13,Channel 4 Pan,False,False,
Line Mixer 6:2,LNMX-F-K12,Channel 4 Level,False,False,
Line Mixer 6:2,LNMX-F-B07,Channel 4 Mute,False,False,
Line Mixer 6:2,LNMX-F-B08,Channel 4 Solo,False,False,
Line Mixer 6:2,LNMX-F-D05,Channel 4 Peak Meter,False,False,
Line Mixer 6:2,LNMX-F-D13,Channel 4 Name,False,False,
Line Mixer 6:2,LNMX-F-K14,Channel 5 Aux Send,False,False,
Line Mixer 6:2,LNMX-F-K16,Channel 5 Pan,False,False,
Line Mixer 6:2,LNMX-F-K15,Channel 5 Level,False,False,
Line Mixer 6:2,LNMX-F-B09,Channel 5 Mute,False,False,
Line Mixer 6:2,LNMX-F-B10,Channel 5 Solo,False,False,
Line Mixer 6:2,LNMX-F-D06,Channel 5 Peak Meter,False,False,
Line Mixer 6:2,LNMX-F-D14,Channel 5 Name,False,False,
Line Mixer 6:2,LNMX-F-K17,Channel 6 Aux Send,False,False,
Line Mixer 6:2,LNMX-F-K19,Channel 6 Pan,False,False,
Line Mixer 6:2,LNMX-F-K18,Channel 6 Level,False,False,
Line Mixer 6:2,LNMX-F-B11,Channel 6 Mute,False,False,
Line Mixer 6:2,LNMX-F-B12,Channel 6 Solo,False,False,
Line Mixer 6:2,LNMX-F-D07,Channel 6 Peak Meter,False,False,
Line Mixer 6:2,LNMX-F-D15,Channel 6 Name,False,False,
Line Mixer 6:2,LNMX-F-K01,Aux Return Level,False,False,
Line Mixer 6:2,LNMX-F-K20,Master Level,False,False,
Line Mixer 6:2,LNMX-F-D08,Master Left Peak Meter,False,False,
Line Mixer 6:2,LNMX-F-D09,Master Right Peak Meter,False,False,
Line Mixer 6:2,LNMX-B-D01,,False,False,
Line Mixer 6:2,LNMX-B-J01,,False,False,
Line Mixer 6:2,LNMX-B-J09,,False,False,
Line Mixer 6:2,LNMX-B-K01,,False,False,
Line Mixer 6:2,LNMX-B-J10,,False,False,
Line Mixer 6:2,LNMX-B-J02,,False,False,
Line Mixer 6:2,LNMX-B-J11,,False,False,
Line Mixer 6:2,LNMX-B-K02,,False,False,
Line Mixer 6:2,LNMX-B-J12,,False,False,
Line Mixer 6:2,LNMX-B-J03,,False,False,
Line Mixer 6:2,LNMX-B-J13,,False,False,
Line Mixer 6:2,LNMX-B-K03,,False,False,
Line Mixer 6:2,LNMX-B-J14,,False,False,
Line Mixer 6:2,LNMX-B-J04,,False,False,
Line Mixer 6:2,LNMX-B-J15,,False,False,
Line Mixer 6:2,LNMX-B-K04,,False,False,
Line Mixer 6:2,LNMX-B-J16,,False,False,
Line Mixer 6:2,LNMX-B-J05,,False,False,
Line Mixer 6:2,LNMX-B-J17,,False,False,
Line Mixer 6:2,LNMX-B-K05,,False,False,
Line Mixer 6:2,LNMX-B-J18,,False,False,
Line Mixer 6:2,LNMX-B-J06,,False,False,
Line Mixer 6:2,LNMX-B-J19,,False,False,
Line Mixer 6:2,LNMX-B-K06,,False,False,
Line Mixer 6:2,LNMX-B-J20,,False,False,
Line Mixer 6:2,LNMX-B-B01,Aux Pre/Post,False,False,
Line Mixer 6:2,LNMX-B-J07,,False,False,
Line Mixer 6:2,LNMX-B-J21,,False,False,
Line Mixer 6:2,LNMX-B-J08,,False,False,
Line Mixer 6:2,LNMX-B-J22,,False,False,
Line Mixer 6:2,LNMX-B-J23,,False,False,
Line Mixer 6:2,LNMX-B-J24,,False,False,
Main Mixer,MMIX-F-K01,,False,False,
Main Mixer,MMIX-F-B02,,False,False,
Main Mixer,MMIX-F-B03,,False,False,
Main Mixer,MMIX-F-B04,,False,False,
Main Mixer,MMIX-F-D01,,False,False,
Main Mixer,MMIX-F-B05,,False,False,
Main Mixer,MMIX-F-B01,,False,False,
Main Mixer,MMIX-F-B06,,False,False,
Main Mixer,MMIX-F-B08,,False,False,
Main Mixer,MMIX-F-B10,,False,False,
Main Mixer,MMIX-F-K02,,False,False,
Main Mixer,MMIX-F-K03,,False,False,
Main Mixer,MMIX-F-K04,,False,False,
Main Mixer,MMIX-F-B11,,False,False,
Main Mixer,MMIX-F-D03,,False,False,
Main Mixer,MMIX-F-D04,,False,False,
Main Mixer,MMIX-F-B12,,False,False,
Main Mixer,MMIX-F-B13,,False,False,
Main Mixer,MMIX-F-B14,,False,False,
Main Mixer,MMIX-F-K07,,False,False,
Main Mixer,MMIX-F-K08,,False,False,
Main Mixer,MMIX-F-K09,,False,False,
Main Mixer,MMIX-F-K10,,False,False,
Main Mixer,MMIX-F-B16,,False,False,
Main Mixer,MMIX-F-B07,,False,False,
Main Mixer,MMIX-F-B09,,False,False,
Main Mixer,MMIX-F-D02,,False,False,
Main Mixer,MMIX-F-K05,,False,False,
Main Mixer,MMIX-F-K06,,False,False,
Main Mixer,MMIX-F-K11,,False,False,
Main Mixer,MMIX-F-K12,,False,False,
Main Mixer,MMIX-F-K13,,False,False,
Main Mixer,MMIX-F-B15,,False,False,
Main Mixer,MMIX-F-D05,,False,False,
Main Mixer,MMIX-F-B17,,False,False,
Main Mixer,MMIX-F-B18,,False,False,
Main Mixer,MMIX-F-K14,,False,False,
Main Mixer,MMIX-F-K15,,False,False,
Main Mixer,MMIX-F-B19,,False,False,
Main Mixer,MMIX-F-B21,,False,False,
Main Mixer,MMIX-F-B23,,False,False,
Main Mixer,MMIX-F-D08,,False,False,
Main Mixer,MMIX-F-K18,,False,False,
Main Mixer,MMIX-F-K19,,False,False,
Main Mixer,MMIX-F-K21,,False,False,
Main Mixer,MMIX-F-K23,,False,False,
Main Mixer,MMIX-F-D09,,False,False,
Main Mixer,MMIX-F-K24,,False,False,
Main Mixer,MMIX-F-B26,,False,False,
Main Mixer,MMIX-F-B28,,False,False,
Main Mixer,MMIX-F-K26,,False,False,
Main Mixer,MMIX-F-K28,,False,False,
Main Mixer,MMIX-F-D10,,False,False,
Main Mixer,MMIX-F-K29,,False,False,
Main Mixer,MMIX-F-D11,,False,False,
Main Mixer,MMIX-F-K31,,False,False,
Main Mixer,MMIX-F-K32,,False,False,
Main Mixer,MMIX-F-B31,,False,False,
Main Mixer,MMIX-F-D13,,False,False,
Main Mixer,MMIX-F-B33,,False,False,
Main Mixer,MMIX-F-B35,,False,False,
Main Mixer,MMIX-F-K16,,False,False,
Main Mixer,MMIX-F-K17,,False,False,
Main Mixer,MMIX-F-K20,,False,False,
Main Mixer,MMIX-F-K22,,False,False,
Main Mixer,MMIX-F-K25,,False,False,
Main Mixer,MMIX-F-K27,,False,False,
Main Mixer,MMIX-F-K30,,False,False,
Main Mixer,MMIX-F-K33,,False,False,
Main Mixer,MMIX-F-B20,,False,False,
Main Mixer,MMIX-F-B22,,False,False,
Main Mixer,MMIX-F-B24,,False,False,
Main Mixer,MMIX-F-B25,,False,False,
Main Mixer,MMIX-F-B27,,False,False,
Main Mixer,MMIX-F-B29,,False,False,
Main Mixer,MMIX-F-B30,,False,False,
Main Mixer,MMIX-F-B32,,False,False,
Main Mixer,MMIX-F-D14,,False,False,
Main Mixer,MMIX-F-B34,,False,False,
Main Mixer,MMIX-F-B36,,False,False,
Main Mixer,MMIX-F-B37,,False,False,
Main Mixer,MMIX-F-D06,,False,False,
Main Mixer,MMIX-F-D12,,False,False,
Main Mixer,MMIX-F-D07,,False,False,
Main Mixer,MMIX-F-D15,,False,False,
Main Mixer,MMIX-F-B38,,False,False,
Main Mixer,MMIX-F-K36,,False,False,
Main Mixer,MMIX-F-B41,,False,False,
Main Mixer,MMIX-F-K37,,False,False,
Main Mixer,MMIX-F-B44,,False,False,
Main Mixer,MMIX-F-K40,,False,False,
Main Mixer,MMIX-F-B47,,False,False,
Main Mixer,MMIX-F-K43,,False,False,
Main Mixer,MMIX-F-B50,,False,False,
Main Mixer,MMIX-F-K46,,False,False,
Main Mixer,MMIX-F-B53,,False,False,
Main Mixer,MMIX-F-K49,,False,False,
Main Mixer,MMIX-F-B56,,False,False,
Main Mixer,MMIX-F-K52,,False,False,
Main Mixer,MMIX-F-B59,,False,False,
Main Mixer,MMIX-F-K55,,False,False,
Main Mixer,MMIX-F-K58,,False,False,
Main Mixer,MMIX-F-K59,,False,False,
Main Mixer,MMIX-F-B62,,False,False,
Main Mixer,MMIX-F-B63,,False,False,
Main Mixer,MMIX-F-D16,,False,False,
Main Mixer,MMIX-F-B39,,False,False,
Main Mixer,MMIX-F-B40,,False,False,
Main Mixer,MMIX-F-K34,,False,False,
Main Mixer,MMIX-F-K35,,False,False,
Main Mixer,MMIX-F-D17,,False,False,
Main Mixer,MMIX-F-D18,,False,False,
Main Mixer,MMIX-F-B42,,False,False,
Main Mixer,MMIX-F-B43,,False,False,
Main Mixer,MMIX-F-K38,,False,False,
Main Mixer,MMIX-F-K39,,False,False,
Main Mixer,MMIX-F-D19,,False,False,
Main Mixer,MMIX-F-D20,,False,False,
Main Mixer,MMIX-F-B45,,False,False,
Main Mixer,MMIX-F-B46,,False,False,
Main Mixer,MMIX-F-K41,,False,False,
Main Mixer,MMIX-F-K42,,False,False,
Main Mixer,MMIX-F-D21,,False,False,
Main Mixer,MMIX-F-D22,,False,False,
Main Mixer,MMIX-F-B48,,False,False,
Main Mixer,MMIX-F-B49,,False,False,
Main Mixer,MMIX-F-K44,,False,False,
Main Mixer,MMIX-F-K45,,False,False,
Main Mixer,MMIX-F-D23,,False,False,
Main Mixer,MMIX-F-D24,,False,False,
Main Mixer,MMIX-F-B51,,False,False,
Main Mixer,MMIX-F-B52,,False,False,
Main Mixer,MMIX-F-K47,,False,False,
Main Mixer,MMIX-F-K48,,False,False,
Main Mixer,MMIX-F-D25,,False,False,
Main Mixer,MMIX-F-D26,,False,False,
Main Mixer,MMIX-F-B54,,False,False,
Main Mixer,MMIX-F-B55,,False,False,
Main Mixer,MMIX-F-K50,,False,False,
Main Mixer,MMIX-F-K51,,False,False,
Main Mixer,MMIX-F-D27,,False,False,
Main Mixer,MMIX-F-D28,,False,False,
Main Mixer,MMIX-F-B57,,False,False,
Main Mixer,MMIX-F-B58,,False,False,
Main Mixer,MMIX-F-K53,,False,False,
Main Mixer,MMIX-F-K54,,False,False,
Main Mixer,MMIX-F-D29,,False,False,
Main Mixer,MMIX-F-D30,,False,False,
Main Mixer,MMIX-F-B60,,False,False,
Main Mixer,MMIX-F-B61,,False,False,
Main Mixer,MMIX-F-K56,,False,False,
Main Mixer,MMIX-F-K57,,False,False,
Main Mixer,MMIX-F-D31,,False,False,
Main Mixer,MMIX-F-D32,,False,False,
Main Mixer,MMIX-F-K60,,False,False,
Main Mixer,MMIX-F-D34,,False,False,
Main Mixer,MMIX-F-S02,,False,False,
Main Mixer,MMIX-F-B67,,False,False,
Main Mixer,MMIX-F-D38,,False,False,
Main Mixer,MMIX-F-B64,,False,False,
Main Mixer,MMIX-F-D33,,False,False,
Main Mixer,MMIX-F-B66,,False,False,
Main Mixer,MMIX-F-S01,,False,False,
Main Mixer,MMIX-F-B65,,False,False,
Main Mixer,MMIX-F-D36,,False,False,
Main Mixer,MMIX-F-D37,,False,False,
Main Mixer,MMIX-F-B68,,False,False,
Main Mixer,MMIX-F-D35,,False,False,
Master Bus Compressor,MBC-F-B01,Enabled,True,True,
Master Bus Compressor,MBC-F-D03,Device Name,True,False,
Master Bus Compressor,MBC-F-K01,Threshold,True,True,
Master Bus Compressor,MBC-F-K05,Ratio,True,True,
Master Bus Compressor,MBC-F-K04,Input Gain,True,True,
Master Bus Compressor,MBC-F-D01,,False,False,
Master Bus Compressor,MBC-F-K02,Attack,True,True,
Master Bus Compressor,MBC-F-K06,Release,True,True,
Master Bus Compressor,MBC-F-K07,Make-Up Gain,True,True,
Master Bus Compressor,MBC-F-D02,,False,False,
Master Bus Compressor,MBC-F-D04,,False,False,
Master Bus Compressor,MBC-F-B02,Sidechain,True,True,
Master Bus Compressor,MBC-F-K03,Mix,True,True,
Master Bus Compressor,MBC-B-D03,,False,False,
Master Bus Compressor,MBC-B-J03,,False,False,
Master Bus Compressor,MBC-B-J01,,False,False,
Master Bus Compressor,MBC-B-J02,,False,False,
Master Bus Compressor,MBC-B-J04,,False,False,
Master Bus Compressor,MBC-B-J05,,False,False,
Master Bus Compressor,MBC-B-J06,,False,False,
Master Bus Compressor,MBC-B-J07,,False,False,
Master Bus Compressor,MBC-B-D01,,False,False,
Master Bus Compressor,MBC-B-D02,,False,False,
Master Section,MSEC-F-B01,,False,False,
Master Section,MSEC-F-D01,,False,False,
Master Section,MSEC-F-B02,,False,False,
Master Section,MSEC-F-B03,Dim -20dB,False,False,
Master Section,MSEC-F-D02,,False,False,
Master Section,MSEC-F-B04,,False,False,
Master Section,MSEC-F-B05,,False,False,
Master Section,MSEC-F-B06,,False,False,
Master Section,MSEC-F-B08,,False,False,
Master Section,MSEC-F-B07,Bypass Insert FX,False,False,
Master Section,MSEC-F-D03,,False,False,
Master Section,MSEC-F-D04,,False,False,
Master Section,MSEC-F-D05,,False,False,
Master Section,MSEC-B-B01,,False,False,
Master Section,MSEC-B-D01,,False,False,
Master Section,MSEC-B-B02,,False,False,
Master Section,MSEC-B-J01,,False,False,
Master Section,MSEC-B-J03,,False,False,
Master Section,MSEC-B-B03,,False,False,
Master Section,MSEC-B-K01,,False,False,
Master Section,MSEC-B-J02,,False,False,
Master Section,MSEC-B-D02,,False,False,
Master Section,MSEC-B-D03,,False,False,
Master Section,MSEC-B-J04,,False,False,
Master Section,MSEC-B-J22,,False,False,
Master Section,MSEC-B-J05,,False,False,
Master Section,MSEC-B-J23,,False,False,
Master Section,MSEC-B-J06,,False,False,
Master Section,MSEC-B-J24,,False,False,
Master Section,MSEC-B-J07,,False,False,
Master Section,MSEC-B-J25,,False,False,
Master Section,MSEC-B-J08,,False,False,
Master Section,MSEC-B-J26,,False,False,
Master Section,MSEC-B-J09,,False,False,
Master Section,MSEC-B-J27,,False,False,
Master Section,MSEC-B-J10,,False,False,
Master Section,MSEC-B-J28,,False,False,
Master Section,MSEC-B-J11,,False,False,
Master Section,MSEC-B-J29,,False,False,
Master Section,MSEC-B-J12,,False,False,
Master Section,MSEC-B-J30,,False,False,
Master Section,MSEC-B-J13,,False,False,
Master Section,MSEC-B-J31,,False,False,
Master Section,MSEC-B-J14,,False,False,
Master Section,MSEC-B-J32,,False,False,
Master Section,MSEC-B-J15,,False,False,
Master Section,MSEC-B-J33,,False,False,
Master Section,MSEC-B-J16,,False,False,
Master Section,MSEC-B-J34,,False,False,
Master Section,MSEC-B-J17,,False,False,
Master Section,MSEC-B-J35,,False,False,
Master Section,MSEC-B-J18,,False,False,
Master Section,MSEC-B-J36,,False,False,
Master Section,MSEC-B-J19,,False,False,
Master Section,MSEC-B-J37,,False,False,
Master Section,MSEC-B-J20,,False,False,
Master Section,MSEC-B-J38,,False,False,
Master Section,MSEC-B-J21,,False,False,
Master Section,MSEC-B-J39,,False,False,
Matrix Pattern Sequencer,MTRX-F-D04,Device Name,True,False,
Matrix Pattern Sequencer,MTRX-F-B01,Pattern Enable,False,False,
Matrix Pattern Sequencer,MTRX-F-D01,,False,False,
Matrix Pattern Sequencer,MTRX-F-B04,Pattern 1,False,False,
Matrix Pattern Sequencer,MTRX-F-B05,Pattern 2,False,False,
Matrix Pattern Sequencer,MTRX-F-B06,Pattern 3,False,False,
Matrix Pattern Sequencer,MTRX-F-B07,Pattern 4,False,False,
Matrix Pattern Sequencer,MTRX-F-B08,Pattern 5,False,False,
Matrix Pattern Sequencer,MTRX-F-B09,Pattern 6,False,False,
Matrix Pattern Sequencer,MTRX-F-B10,Pattern 7,False,False,
Matrix Pattern Sequencer,MTRX-F-B11,Pattern 8,False,False,
Matrix Pattern Sequencer,MTRX-F-B13,Bank A,False,False,
Matrix Pattern Sequencer,MTRX-F-B14,Bank B,False,False,
Matrix Pattern Sequencer,MTRX-F-B15,Bank C,False,False,
Matrix Pattern Sequencer,MTRX-F-B16,Bank D,False,False,
Matrix Pattern Sequencer,MTRX-F-B12,Run,False,False,
Matrix Pattern Sequencer,MTRX-F-B02,,False,False,
Matrix Pattern Sequencer,MTRX-F-D02,,False,False,
Matrix Pattern Sequencer,MTRX-F-S01,,False,False,
Matrix Pattern Sequencer,MTRX-F-D06,,False,False,
Matrix Pattern Sequencer,MTRX-F-B17,,False,False,
Matrix Pattern Sequencer,MTRX-F-D05,,False,False,
Matrix Pattern Sequencer,MTRX-F-D07,,False,False,
Matrix Pattern Sequencer,MTRX-F-D03,,False,False,
Matrix Pattern Sequencer,MTRX-F-B03,,False,False,
Matrix Pattern Sequencer,MTRX-F-K01,Resolution,False,False,
Matrix Pattern Sequencer,MTRX-F-B18,Pattern Shuffle,False,False,
Matrix Pattern Sequencer,MTRX-B-D01,,False,False,
Matrix Pattern Sequencer,MTRX-B-J01,,False,False,
Matrix Pattern Sequencer,MTRX-B-J02,,False,False,
Matrix Pattern Sequencer,MTRX-B-J03,,False,False,
Matrix Pattern Sequencer,MTRX-B-B01,,False,False,
MClass Compressor,MCMP-F-B01,Enabled,True,True,
MClass Compressor,MCMP-F-D02,Peak Meter,False,False,
MClass Compressor,MCMP-F-D03,Device Name,True,False,
MClass Compressor,MCMP-F-K01,Input Gain,True,True,
MClass Compressor,MCMP-F-K02,Threshold,True,True,
MClass Compressor,MCMP-F-B03,Soft Knee,True,True,
MClass Compressor,MCMP-F-K03,Ratio,True,True,
MClass Compressor,MCMP-F-D01,Gain Meter,False,False,
MClass Compressor,MCMP-F-B02,Sidechain Active,False,False,
MClass Compressor,MCMP-F-B05,Sidechain Solo,False,False,
MClass Compressor,MCMP-F-K04,Attack,True,True,
MClass Compressor,MCMP-F-K05,Release,True,True,
MClass Compressor,MCMP-F-B04,Adapt,False,False,
MClass Compressor,MCMP-F-K06,Output Gain,True,True,
MClass Compressor,MCMP-B-D01,,False,False,
MClass Compressor,MCMP-B-J01,,False,False,
MClass Compressor,MCMP-B-J02,,False,False,
MClass Compressor,MCMP-B-J03,,False,False,
MClass Compressor,MCMP-B-J04,,False,False,
MClass Compressor,MCMP-B-J05,,False,False,
MClass Compressor,MCMP-B-J06,,False,False,
MClass Compressor,MCMP-B-J07,,False,False,
MClass Equalizer,MEQ-F-B01,Enabled,True,True,
MClass Equalizer,MEQ-F-D01,Peak Meter,False,False,
MClass Equalizer,MEQ-F-D02,Device Name,True,False,
MClass Equalizer,MEQ-F-D03,,False,False,
MClass Equalizer,MEQ-F-B02,Low Cut Enable,True,True,
MClass Equalizer,MEQ-F-B03,Low Shelf Enable,True,True,
MClass Equalizer,MEQ-F-K01,Low Shelf Frequency,True,True,
MClass Equalizer,MEQ-F-K05,Low Shelf Gain,True,True,
MClass Equalizer,MEQ-F-K09,Low Shelf Q,True,True,
MClass Equalizer,MEQ-F-B04,Parametric 1 Enable,True,True,
MClass Equalizer,MEQ-F-K02,Parametric 1 Frequency,True,True,
MClass Equalizer,MEQ-F-K06,Parametric 1 Gain,True,True,
MClass Equalizer,MEQ-F-K10,Parametric 1 Q,True,True,lossy
MClass Equalizer,MEQ-F-B05,Parametric 2 Enable,True,True,
MClass Equalizer,MEQ-F-K03,Parametric 2 Frequency,True,True,
MClass Equalizer,MEQ-F-K07,Parametric 2 Gain,True,True,
MClass Equalizer,MEQ-F-K11,Parametric 2 Q,True,True,lossy
MClass Equalizer,MEQ-F-B06,Hi Shelf Enable,True,True,
MClass Equalizer,MEQ-F-K04,Hi Shelf Frequency,True,True,
MClass Equalizer,MEQ-F-K08,Hi Shelf Gain,True,True,
MClass Equalizer,MEQ-F-K12,Hi Shelf Q,True,True,
MClass Equalizer,MEQ-B-D01,,False,False,
MClass Equalizer,MEQ-B-J01,,False,False,
MClass Equalizer,MEQ-B-J02,,False,False,
MClass Equalizer,MEQ-B-J03,,False,False,
MClass Equalizer,MEQ-B-J04,,False,False,
MClass Maximizer,MMAX-F-B01,Enabled,True,True,
MClass Maximizer,MMAX-F-D03,Peak Meter,False,False,
MClass Maximizer,MMAX-F-D05,Device Name,True,False,
MClass Maximizer,MMAX-F-K01,Input Gain,True,True,
MClass Maximizer,MMAX-F-B02,Limiter Enable,True,True,
MClass Maximizer,MMAX-F-B04,Look Ahead Enable,True,True,
MClass Maximizer,MMAX-F-D01,Gain Meter,False,False,
MClass Maximizer,MMAX-F-B05,Attack Speed,True,True,
MClass Maximizer,MMAX-F-B06,Release Speed,True,True,
MClass Maximizer,MMAX-F-K02,Output Gain,True,True,
MClass Maximizer,MMAX-F-B03,Soft Clip Enable,True,True,
MClass Maximizer,MMAX-F-K03,Soft Clip Amount,True,True,
MClass Maximizer,MMAX-F-B07,Output Level Meter Mode,False,False,
MClass Maximizer,MMAX-F-D02,Output Level Left,False,False,flat
MClass Maximizer,MMAX-F-D04,Output Level Right,False,False,flat
MClass Maximizer,MMAX-B-D01,,False,False,
MClass Maximizer,MMAX-B-J01,,False,False,
MClass Maximizer,MMAX-B-J02,,False,False,
MClass Maximizer,MMAX-B-J03,,False,False,
MClass Maximizer,MMAX-B-J04,,False,False,
MClass Stereo Imager,MSIM-F-B01,Enabled,True,True,
MClass Stereo Imager,MSIM-F-D01,Peak Meter,False,False,
MClass Stereo Imager,MSIM-F-D02,Device Name,True,False,
MClass Stereo Imager,MSIM-F-K01,Low Width,True,True,
MClass Stereo Imager,MSIM-F-B02,Low Band Active,True,False,flat
MClass Stereo Imager,MSIM-F-D03,Low Width Meter,False,False,
MClass Stereo Imager,MSIM-F-K02,X-Over Frequency,True,True,
MClass Stereo Imager,MSIM-F-B03,High Band Active,True,False,flat
MClass Stereo Imager,MSIM-F-K03,High Width,True,True,
MClass Stereo Imager,MSIM-F-D04,High Width Meter,False,False,
MClass Stereo Imager,MSIM-F-B04,Solo Mode,True,True,
MClass Stereo Imager,MSIM-B-D01,,False,False,
MClass Stereo Imager,MSIM-B-J01,,False,False,
MClass Stereo Imager,MSIM-B-J02,,False,False,
MClass Stereo Imager,MSIM-B-J03,,False,False,
MClass Stereo Imager,MSIM-B-J04,,False,False,
MClass Stereo Imager,MSIM-B-J05,,False,False,
MClass Stereo Imager,MSIM-B-J06,,False,False,
MClass Stereo Imager,MSIM-B-B01,Separate Out Mode,True,True,
Mix Channel,MXCH-F-B01,,False,False,
Mix Channel,MXCH-F-D01,Channel Name,False,False,
Mix Channel,MXCH-F-B07,,False,False,
Mix Channel,MXCH-F-B02,Mute,False,False,
Mix Channel,MXCH-F-B03,Solo,False,False,
Mix Channel,MXCH-F-B08,Bypass Insert FX,False,False,
Mix Channel,MXCH-F-S01,Level,False,False,
Mix Channel,MXCH-F-K01,Pan,False,False,
Mix Channel,MXCH-F-B04,,False,False,
Mix Channel,MXCH-F-B05,,False,False,
Mix Channel,MXCH-F-B06,,False,False,
Mix Channel,MXCH-F-D02,,False,False,
Mix Channel,MXCH-F-B09,,False,False,
Mix Channel,MXCH-F-B10,,False,False,
Mix Channel,MXCH-B-B01,,False,False,
Mix Channel,MXCH-B-D01,,False,False,
Mix Channel,MXCH-B-B03,,False,False,
Mix Channel,MXCH-B-D03,,False,False,
Mix Channel,MXCH-B-J01,,False,False,
Mix Channel,MXCH-B-J06,,False,False,
Mix Channel,MXCH-B-J02,,False,False,
Mix Channel,MXCH-B-J07,,False,False,
Mix Channel,MXCH-B-J03,,False,False,
Mix Channel,MXCH-B-J08,,False,False,
Mix Channel,MXCH-B-B02,,False,False,
Mix Channel,MXCH-B-J04,,False,False,
Mix Channel,MXCH-B-D04,,False,False,
Mix Channel,MXCH-B-J05,,False,False,
Mix Channel,MXCH-B-J09,,False,False,
Mix Channel,MXCH-B-D02,,False,False,
Mix Channel,MXCH-B-D05,,False,False,
Mixer 14:2,MX14-F-D04,Device Name,True,False,
Mixer 14:2,MX14-F-K01,Channel 1 Aux 1 Send,False,False,
Mixer 14:2,MX14-F-K17,Channel 1 Aux 2 Send,False,False,
Mixer 14:2,MX14-F-K16,Channel 1 Aux 3 Send,False,False,
Mixer 14:2,MX14-F-K44,Channel 1 Aux 4 Send,False,False,
Mixer 14:2,MX14-F-B01,Channel 1 Aux 4 Pre Fader On/Off,False,False,
Mixer 14:2,MX14-F-B15,Channel 1 EQ On/Off,False,False,
Mixer 14:2,MX14-F-K60,Channel 1 Treble Amount,False,False,
Mixer 14:2,MX14-F-K74,Channel 1 Bass Amount,False,False,
Mixer 14:2,MX14-F-B29,Channel 1 Mute,False,False,
Mixer 14:2,MX14-F-B30,Channel 1 Solo,False,False,
Mixer 14:2,MX14-F-K89,Channel 1 Pan,False,False,
Mixer 14:2,MX14-F-S01,Channel 1 Level,False,False,
Mixer 14:2,MX14-F-D07,Channel 1 Peak Meter,False,False,
Mixer 14:2,MX14-F-D06,Channel 1 Name,False,False,
Mixer 14:2,MX14-F-K02,Channel 2 Aux 1 Send,False,False,
Mixer 14:2,MX14-F-K19,Channel 2 Aux 2 Send,False,False,
Mixer 14:2,MX14-F-K18,Channel 2 Aux 3 Send,False,False,
Mixer 14:2,MX14-F-K45,Channel 2 Aux 4 Send,False,False,
Mixer 14:2,MX14-F-B02,Channel 2 Aux 4 Pre Fader On/Off,False,False,
Mixer 14:2,MX14-F-B16,Channel 2 EQ On/Off,False,False,
Mixer 14:2,MX14-F-K61,Channel 2 Treble Amount,False,False,
Mixer 14:2,MX14-F-K75,Channel 2 Bass Amount,False,False,
Mixer 14:2,MX14-F-B31,Channel 2 Mute,False,False,
Mixer 14:2,MX14-F-B32,Channel 2 Solo,False,False,
Mixer 14:2,MX14-F-K90,Channel 2 Pan,False,False,
Mixer 14:2,MX14-F-S02,Channel 2 Level,False,False,
Mixer 14:2,MX14-F-D09,Channel 2 Peak Meter,False,False,
Mixer 14:2,MX14-F-D08,Channel 2 Name,False,False,
Mixer 14:2,MX14-F-K03,Channel 3 Aux 1 Send,False,False,
Mixer 14:2,MX14-F-K21,Channel 3 Aux 2 Send,False,False,
Mixer 14:2,MX14-F-K20,Channel 3 Aux 3 Send,False,False,
Mixer 14:2,MX14-F-K46,Channel 3 Aux 4 Send,False,False,
Mixer 14:2,MX14-F-B03,Channel 3 Aux 4 Pre Fader On/Off,False,False,
Mixer 14:2,MX14-F-B17,Channel 3 EQ On/Off,False,False,
Mixer 14:2,MX14-F-K62,Channel 3 Treble Amount,False,False,
Mixer 14:2,MX14-F-K76,Channel 3 Bass Amount,False,False,
Mixer 14:2,MX14-F-B33,Channel 3 Mute,False,False,
Mixer 14:2,MX14-F-B34,Channel 3 Solo,False,False,
Mixer 14:2,MX14-F-K91,Channel 3 Pan,False,False,
Mixer 14:2,MX14-F-S03,Channel 3 Level,False,False,
Mixer 14:2,MX14-F-D11,Channel 3 Peak Meter,False,False,
Mixer 14:2,MX14-F-D10,Channel 3 Name,False,False,
Mixer 14:2,MX14-F-K04,Channel 4 Aux 1 Send,False,False,
Mixer 14:2,MX14-F-K23,Channel 4 Aux 2 Send,False,False,
Mixer 14:2,MX14-F-K22,Channel 4 Aux 3 Send,False,False,
Mixer 14:2,MX14-F-K47,Channel 4 Aux 4 Send,False,False,
Mixer 14:2,MX14-F-B04,Channel 4 Aux 4 Pre Fader On/Off,False,False,
Mixer 14:2,MX14-F-B18,Channel 4 EQ On/Off,False,False,
Mixer 14:2,MX14-F-K63,Channel 4 Treble Amount,False,False,
Mixer 14:2,MX14-F-K77,Channel 4 Bass Amount,False,False,
Mixer 14:2,MX14-F-B35,Channel 4 Mute,False,False,
Mixer 14:2,MX14-F-B36,Channel 4 Solo,False,False,
Mixer 14:2,MX14-F-K92,Channel 4 Pan,False,False,
Mixer 14:2,MX14-F-S04,Channel 4 Level,False,False,
Mixer 14:2,MX14-F-D13,Channel 4 Peak Meter,False,False,
Mixer 14:2,MX14-F-D12,Channel 4 Name,False,False,
Mixer 14:2,MX14-F-K05,Channel 5 Aux 1 Send,False,False,
Mixer 14:2,MX14-F-K25,Channel 5 Aux 2 Send,False,False,
Mixer 14:2,MX14-F-K24,Channel 5 Aux 3 Send,False,False,
Mixer 14:2,MX14-F-K48,Channel 5 Aux 4 Send,False,False,
Mixer 14:2,MX14-F-B05,Channel 5 Aux 4 Pre Fader On/Off,False,False,
Mixer 14:2,MX14-F-B19,Channel 5 EQ On/Off,False,False,
Mixer 14:2,MX14-F-K64,Channel 5 Treble Amount,False,False,
Mixer 14:2,MX14-F-K78,Channel 5 Bass Amount,False,False,
Mixer 14:2,MX14-F-B37,Channel 5 Mute,False,False,
Mixer 14:2,MX14-F-B38,Channel 5 Solo,False,False,
Mixer 14:2,MX14-F-K93,Channel 5 Pan,False,False,
Mixer 14:2,MX14-F-S05,Channel 5 Level,False,False,
Mixer 14:2,MX14-F-D15,Channel 5 Peak Meter,False,False,
Mixer 14:2,MX14-F-D14,Channel 5 Name,False,False,
Mixer 14:2,MX14-F-K06,Channel 6 Aux 1 Send,False,False,
Mixer 14:2,MX14-F-K27,Channel 6 Aux 2 Send,False,False,
Mixer 14:2,MX14-F-K26,Channel 6 Aux 3 Send,False,False,
Mixer 14:2,MX14-F-K49,Channel 6 Aux 4 Send,False,False,
Mixer 14:2,MX14-F-B06,Channel 6 Aux 4 Pre Fader On/Off,False,False,
Mixer 14:2,MX14-F-B20,Channel 6 EQ On/Off,False,False,
Mixer 14:2,MX14-F-K65,Channel 6 Treble Amount,False,False,
Mixer 14:2,MX14-F-K79,Channel 6 Bass Amount,False,False,
Mixer 14:2,MX14-F-B39,Channel 6 Mute,False,False,
Mixer 14:2,MX14-F-B40,Channel 6 Solo,False,False,
Mixer 14:2,MX14-F-K94,Channel 6 Pan,False,False,
Mixer 14:2,MX14-F-S06,Channel 6 Level,False,False,
Mixer 14:2,MX14-F-D17,Channel 6 Peak Meter,False,False,
Mixer 14:2,MX14-F-D16,Channel 6 Name,False,False,
Mixer 14:2,MX14-F-K07,Channel 7 Aux 1 Send,False,False,
Mixer 14:2,MX14-F-K29,Channel 7 Aux 2 Send,False,False,
Mixer 14:2,MX14-F-K28,Channel 7 Aux 3 Send,False,False,
Mixer 14:2,MX14-F-K50,Channel 7 Aux 4 Send,False,False,
Mixer 14:2,MX14-F-B07,Channel 7 Aux 4 Pre Fader On/Off,False,False,
Mixer 14:2,MX14-F-B21,Channel 7 EQ On/Off,False,False,
Mixer 14:2,MX14-F-K66,Channel 7 Treble Amount,False,False,
Mixer 14:2,MX14-F-K80,Channel 7 Bass Amount,False,False,
Mixer 14:2,MX14-F-B41,Channel 7 Mute,False,False,
Mixer 14:2,MX14-F-B42,Channel 7 Solo,False,False,
Mixer 14:2,MX14-F-K95,Channel 7 Pan,False,False,
Mixer 14:2,MX14-F-S07,Channel 7 Level,False,False,
Mixer 14:2,MX14-F-D19,Channel 7 Peak Meter,False,False,
Mixer 14:2,MX14-F-D18,Channel 7 Name,False,False,
Mixer 14:2,MX14-F-K08,Channel 8 Aux 1 Send,False,False,
Mixer 14:2,MX14-F-K31,Channel 8 Aux 2 Send,False,False,
Mixer 14:2,MX14-F-K30,Channel 8 Aux 3 Send,False,False,
Mixer 14:2,MX14-F-K51,Channel 8 Aux 4 Send,False,False,
Mixer 14:2,MX14-F-B08,Channel 8 Aux 4 Pre Fader On/Off,False,False,
Mixer 14:2,MX14-F-B22,Channel 8 EQ On/Off,False,False,
Mixer 14:2,MX14-F-K67,Channel 8 Treble Amount,False,False,
Mixer 14:2,MX14-F-K81,Channel 8 Bass Amount,False,False,
Mixer 14:2,MX14-F-B43,Channel 8 Mute,False,False,
Mixer 14:2,MX14-F-B44,Channel 8 Solo,False,False,
Mixer 14:2,MX14-F-K96,Channel 8 Pan,False,False,
Mixer 14:2,MX14-F-S08,Channel 8 Level,False,False,
Mixer 14:2,MX14-F-D21,Channel 8 Peak Meter,False,False,
Mixer 14:2,MX14-F-D20,Channel 8 Name,False,False,
Mixer 14:2,MX14-F-K09,Channel 9 Aux 1 Send,False,False,
Mixer 14:2,MX14-F-K33,Channel 9 Aux 2 Send,False,False,
Mixer 14:2,MX14-F-K32,Channel 9 Aux 3 Send,False,False,
Mixer 14:2,MX14-F-K52,Channel 9 Aux 4 Send,False,False,
Mixer 14:2,MX14-F-B09,Channel 9 Aux 4 Pre Fader On/Off,False,False,
Mixer 14:2,MX14-F-B23,Channel 9 EQ On/Off,False,False,
Mixer 14:2,MX14-F-K68,Channel 9 Treble Amount,False,False,
Mixer 14:2,MX14-F-K82,Channel 9 Bass Amount,False,False,
Mixer 14:2,MX14-F-B45,Channel 9 Mute,False,False,
Mixer 14:2,MX14-F-B46,Channel 9 Solo,False,False,
Mixer 14:2,MX14-F-K97,Channel 9 Pan,False,False,
Mixer 14:2,MX14-F-S09,Channel 9 Level,False,False,
Mixer 14:2,MX14-F-D23,Channel 9 Peak Meter,False,False,
Mixer 14:2,MX14-F-D22,Channel 9 Name,False,False,
Mixer 14:2,MX14-F-K10,Channel 10 Aux 1 Send,False,False,
Mixer 14:2,MX14-F-K35,Channel 10 Aux 2 Send,False,False,
Mixer 14:2,MX14-F-K34,Channel 10 Aux 3 Send,False,False,
Mixer 14:2,MX14-F-K53,Channel 10 Aux 4 Send,False,False,
Mixer 14:2,MX14-F-B10,Channel 10 Aux 4 Pre Fader On/Off,False,False,
Mixer 14:2,MX14-F-B24,Channel 10 EQ On/Off,False,False,
Mixer 14:2,MX14-F-K69,Channel 10 Treble Amount,False,False,
Mixer 14:2,MX14-F-K83,Channel 10 Bass Amount,False,False,
Mixer 14:2,MX14-F-B47,Channel 10 Mute,False,False,
Mixer 14:2,MX14-F-B48,Channel 10 Solo,False,False,
Mixer 14:2,MX14-F-K98,Channel 10 Pan,False,False,
Mixer 14:2,MX14-F-S10,Channel 10 Level,False,False,
Mixer 14:2,MX14-F-D25,Channel 10 Peak Meter,False,False,
Mixer 14:2,MX14-F-D24,Channel 10 Name,False,False,
Mixer 14:2,MX14-F-K11,Channel 11 Aux 1 Send,False,False,
Mixer 14:2,MX14-F-K37,Channel 11 Aux 2 Send,False,False,
Mixer 14:2,MX14-F-K36,Channel 11 Aux 3 Send,False,False,
Mixer 14:2,MX14-F-K54,Channel 11 Aux 4 Send,False,False,
Mixer 14:2,MX14-F-B11,Channel 11 Aux 4 Pre Fader On/Off,False,False,
Mixer 14:2,MX14-F-B25,Channel 11 EQ On/Off,False,False,
Mixer 14:2,MX14-F-K70,Channel 11 Treble Amount,False,False,
Mixer 14:2,MX14-F-K84,Channel 11 Bass Amount,False,False,
Mixer 14:2,MX14-F-B49,Channel 11 Mute,False,False,
Mixer 14:2,MX14-F-B50,Channel 11 Solo,False,False,
Mixer 14:2,MX14-F-K99,Channel 11 Pan,False,False,
Mixer 14:2,MX14-F-S11,Channel 11 Level,False,False,
Mixer 14:2,MX14-F-D27,Channel 11 Peak Meter,False,False,
Mixer 14:2,MX14-F-D26,Channel 11 Name,False,False,
Mixer 14:2,MX14-F-K12,Channel 12 Aux 1 Send,False,False,
Mixer 14:2,MX14-F-K39,Channel 12 Aux 2 Send,False,False,
Mixer 14:2,MX14-F-K38,Channel 12 Aux 3 Send,False,False,
Mixer 14:2,MX14-F-K55,Channel 12 Aux 4 Send,False,False,
Mixer 14:2,MX14-F-B12,Channel 12 Aux 4 Pre Fader On/Off,False,False,
Mixer 14:2,MX14-F-B26,Channel 12 EQ On/Off,False,False,
Mixer 14:2,MX14-F-K71,Channel 12 Treble Amount,False,False,
Mixer 14:2,MX14-F-K85,Channel 12 Bass Amount,False,False,
Mixer 14:2,MX14-F-B51,Channel 12 Mute,False,False,
Mixer 14:2,MX14-F-B52,Channel 12 Solo,False,False,
Mixer 14:2,MX14-F-K100,Channel 12 Pan,False,False,
Mixer 14:2,MX14-F-S12,Channel 12 Level,False,False,
Mixer 14:2,MX14-F-D29,Channel 12 Peak Meter,False,False,
Mixer 14:2,MX14-F-D28,Channel 12 Name,False,False,
Mixer 14:2,MX14-F-K13,Channel 13 Aux 1 Send,False,False,
Mixer 14:2,MX14-F-K41,Channel 13 Aux 2 Send,False,False,
Mixer 14:2,MX14-F-K40,Channel 13 Aux 3 Send,False,False,
Mixer 14:2,MX14-F-K56,Channel 13 Aux 4 Send,False,False,
Mixer 14:2,MX14-F-B13,Channel 13 Aux 4 Pre Fader On/Off,False,False,
Mixer 14:2,MX14-F-B27,Channel 13 EQ On/Off,False,False,
Mixer 14:2,MX14-F-K72,Channel 13 Treble Amount,False,False,
Mixer 14:2,MX14-F-K86,Channel 13 Bass Amount,False,False,
Mixer 14:2,MX14-F-B53,Channel 13 Mute,False,False,
Mixer 14:2,MX14-F-B54,Channel 13 Solo,False,False,
Mixer 14:2,MX14-F-K101,Channel 13 Pan,False,False,
Mixer 14:2,MX14-F-S13,Channel 13 Level,False,False,
Mixer 14:2,MX14-F-D31,Channel 13 Peak Meter,False,False,
Mixer 14:2,MX14-F-D30,Channel 13 Name,False,False,
Mixer 14:2,MX14-F-K14,Channel 14 Aux 1 Send,False,False,
Mixer 14:2,MX14-F-K43,Channel 14 Aux 2 Send,False,False,
Mixer 14:2,MX14-F-K42,Channel 14 Aux 3 Send,False,False,
Mixer 14:2,MX14-F-K57,Channel 14 Aux 4 Send,False,False,
Mixer 14:2,MX14-F-B14,Channel 14 Aux 4 Pre Fader On/Off,False,False,
Mixer 14:2,MX14-F-B28,Channel 14 EQ On/Off,False,False,
Mixer 14:2,MX14-F-K73,Channel 14 Treble Amount,False,False,
Mixer 14:2,MX14-F-K87,Channel 14 Bass Amount,False,False,
Mixer 14:2,MX14-F-B55,Channel 14 Mute,False,False,
Mixer 14:2,MX14-F-B56,Channel 14 Solo,False,False,
Mixer 14:2,MX14-F-K102,Channel 14 Pan,False,False,
Mixer 14:2,MX14-F-S14,Channel 14 Level,False,False,
Mixer 14:2,MX14-F-D33,Channel 14 Peak Meter,False,False,
Mixer 14:2,MX14-F-D32,Channel 14 Name,False,False,
Mixer 14:2,MX14-F-K15,Aux 1 Return Level,False,False,
Mixer 14:2,MX14-F-D01,Aux 1 Return Name,False,False,
Mixer 14:2,MX14-F-K58,Aux 2 Return Level,False,False,
Mixer 14:2,MX14-F-D02,Aux 2 Return Name,False,False,
Mixer 14:2,MX14-F-K59,Aux 3 Return Level,False,False,
Mixer 14:2,MX14-F-D03,Aux 3 Return Name,False,False,
Mixer 14:2,MX14-F-K88,Aux 4 Return Level,False,False,
Mixer 14:2,MX14-F-D05,Aux 4 Return Name,False,False,
Mixer 14:2,MX14-F-S15,Master Level,False,False,
Mixer 14:2,MX14-F-D34,Master Left Peak Meter,False,False,
Mixer 14:2,MX14-F-D35,Master Right Peak Meter,False,False,
Mixer 14:2,MX14-B-D01,,False,False,
Mixer 14:2,MX14-B-J01,,False,False,
Mixer 14:2,MX14-B-J21,,False,False,
Mixer 14:2,MX14-B-J40,,False,False,
Mixer 14:2,MX14-B-K01,,False,False,
Mixer 14:2,MX14-B-J62,,False,False,
Mixer 14:2,MX14-B-K16,,False,False,
Mixer 14:2,MX14-B-J02,,False,False,
Mixer 14:2,MX14-B-J22,,False,False,
Mixer 14:2,MX14-B-J41,,False,False,
Mixer 14:2,MX14-B-K02,,False,False,
Mixer 14:2,MX14-B-J63,,False,False,
Mixer 14:2,MX14-B-K17,,False,False,
Mixer 14:2,MX14-B-J03,,False,False,
Mixer 14:2,MX14-B-J23,,False,False,
Mixer 14:2,MX14-B-J42,,False,False,
Mixer 14:2,MX14-B-K03,,False,False,
Mixer 14:2,MX14-B-J64,,False,False,
Mixer 14:2,MX14-B-K18,,False,False,
Mixer 14:2,MX14-B-J04,,False,False,
Mixer 14:2,MX14-B-J24,,False,False,
Mixer 14:2,MX14-B-J43,,False,False,
Mixer 14:2,MX14-B-K04,,False,False,
Mixer 14:2,MX14-B-J65,,False,False,
Mixer 14:2,MX14-B-K19,,False,False,
Mixer 14:2,MX14-B-J05,,False,False,
Mixer 14:2,MX14-B-J25,,False,False,
Mixer 14:2,MX14-B-J44,,False,False,
Mixer 14:2,MX14-B-K05,,False,False,
Mixer 14:2,MX14-B-J66,,False,False,
Mixer 14:2,MX14-B-K20,,False,False,
Mixer 14:2,MX14-B-J06,,False,False,
Mixer 14:2,MX14-B-J26,,False,False,
Mixer 14:2,MX14-B-J45,,False,False,
Mixer 14:2,MX14-B-K06,,False,False,
Mixer 14:2,MX14-B-J67,,False,False,
Mixer 14:2,MX14-B-K21,,False,False,
Mixer 14:2,MX14-B-J07,,False,False,
Mixer 14:2,MX14-B-J27,,False,False,
Mixer 14:2,MX14-B-J46,,False,False,
Mixer 14:2,MX14-B-K07,,False,False,
Mixer 14:2,MX14-B-J68,,False,False,
Mixer 14:2,MX14-B-K22,,False,False,
Mixer 14:2,MX14-B-J08,,False,False,
Mixer 14:2,MX14-B-J28,,False,False,
Mixer 14:2,MX14-B-J47,,False,False,
Mixer 14:2,MX14-B-K08,,False,False,
Mixer 14:2,MX14-B-J69,,False,False,
Mixer 14:2,MX14-B-K23,,False,False,
Mixer 14:2,MX14-B-J09,,False,False,
Mixer 14:2,MX14-B-J29,,False,False,
Mixer 14:2,MX14-B-J48,,False,False,
Mixer 14:2,MX14-B-K09,,False,False,
Mixer 14:2,MX14-B-J70,,False,False,
Mixer 14:2,MX14-B-K24,,False,False,
Mixer 14:2,MX14-B-J10,,False,False,
Mixer 14:2,MX14-B-J30,,False,False,
Mixer 14:2,MX14-B-J49,,False,False,
Mixer 14:2,MX14-B-K10,,False,False,
Mixer 14:2,MX14-B-J71,,False,False,
Mixer 14:2,MX14-B-K25,,False,False,
Mixer 14:2,MX14-B-J11,,False,False,
Mixer 14:2,MX14-B-J31,,False,False,
Mixer 14:2,MX14-B-J50,,False,False,
Mixer 14:2,MX14-B-K11,,False,False,
Mixer 14:2,MX14-B-J72,,False,False,
Mixer 14:2,MX14-B-K26,,False,False,
Mixer 14:2,MX14-B-J12,,False,False,
Mixer 14:2,MX14-B-J32,,False,False,
Mixer 14:2,MX14-B-J51,,False,False,
Mixer 14:2,MX14-B-K12,,False,False,
Mixer 14:2,MX14-B-J73,,False,False,
Mixer 14:2,MX14-B-K27,,False,False,
Mixer 14:2,MX14-B-J13,,False,False,
Mixer 14:2,MX14-B-J33,,False,False,
Mixer 14:2,MX14-B-J52,,False,False,
Mixer 14:2,MX14-B-K13,,False,False,
Mixer 14:2,MX14-B-J74,,False,False,
Mixer 14:2,MX14-B-K28,,False,False,
Mixer 14:2,MX14-B-J14,,False,False,
Mixer 14:2,MX14-B-J34,,False,False,
Mixer 14:2,MX14-B-J53,,False,False,
Mixer 14:2,MX14-B-K14,,False,False,
Mixer 14:2,MX14-B-J75,,False,False,
Mixer 14:2,MX14-B-K29,,False,False,
Mixer 14:2,MX14-B-J15,,False,False,
Mixer 14:2,MX14-B-J35,,False,False,
Mixer 14:2,MX14-B-J54,,False,False,
Mixer 14:2,MX14-B-J58,,False,False,
Mixer 14:2,MX14-B-J76,,False,False,
Mixer 14:2,MX14-B-J82,,False,False,
Mixer 14:2,MX14-B-J16,,False,False,
Mixer 14:2,MX14-B-J36,,False,False,
Mixer 14:2,MX14-B-J55,,False,False,
Mixer 14:2,MX14-B-J59,,False,False,
Mixer 14:2,MX14-B-J77,,False,False,
Mixer 14:2,MX14-B-J83,,False,False,
Mixer 14:2,MX14-B-J17,,False,False,
Mixer 14:2,MX14-B-J37,,False,False,
Mixer 14:2,MX14-B-J56,,False,False,
Mixer 14:2,MX14-B-J60,,False,False,
Mixer 14:2,MX14-B-J78,,False,False,
Mixer 14:2,MX14-B-J84,,False,False,
Mixer 14:2,MX14-B-J18,,False,False,
Mixer 14:2,MX14-B-J38,,False,False,
Mixer 14:2,MX14-B-J57,,False,False,
Mixer 14:2,MX14-B-J61,,False,False,
Mixer 14:2,MX14-B-J79,,False,False,
Mixer 14:2,MX14-B-J85,,False,False,
Mixer 14:2,MX14-B-J19,,False,False,
Mixer 14:2,MX14-B-J20,,False,False,
Mixer 14:2,MX14-B-J39,,False,False,
Mixer 14:2,MX14-B-K15,,False,False,
Mixer 14:2,MX14-B-J80,,False,False,
Mixer 14:2,MX14-B-J81,,False,False,
Mixer 14:2,MX14-B-B01,,False,False,
PEQ-2 Two Band Parametric EQ,PEQ2-F-B01,Enabled,True,True,
PEQ-2 Two Band Parametric EQ,PEQ2-F-D02,Peak Meter,False,False,
PEQ-2 Two Band Parametric EQ,PEQ2-F-D01,Device Name,True,False,
PEQ-2 Two Band Parametric EQ,PEQ2-F-D03,,False,False,
PEQ-2 Two Band Parametric EQ,PEQ2-F-K01,Filter A Freq,True,True,
PEQ-2 Two Band Parametric EQ,PEQ2-F-K02,Filter A Q,True,True,
PEQ-2 Two Band Parametric EQ,PEQ2-F-K03,Filter A Gain,True,True,
PEQ-2 Two Band Parametric EQ,PEQ2-F-K04,Filter B Freq,True,True,
PEQ-2 Two Band Parametric EQ,PEQ2-F-K05,Filter B Q,True,True,
PEQ-2 Two Band Parametric EQ,PEQ2-F-K06,Filter B Gain,True,True,
PEQ-2 Two Band Parametric EQ,PEQ2-F-B02,Filter B On/Off,True,True,
PEQ-2 Two Band Parametric EQ,PEQ2-B-J01,,False,False,
PEQ-2 Two Band Parametric EQ,PEQ2-B-J02,,False,False,
PEQ-2 Two Band Parametric EQ,PEQ2-B-K01,,False,False,
PEQ-2 Two Band Parametric EQ,PEQ2-B-K02,,False,False,
PEQ-2 Two Band Parametric EQ,PEQ2-B-D01,,False,False,
PEQ-2 Two Band Parametric EQ,PEQ2-B-J03,,False,False,
PEQ-2 Two Band Parametric EQ,PEQ2-B-J04,,False,False,
PEQ-2 Two Band Parametric EQ,PEQ2-B-J05,,False,False,
PEQ-2 Two Band Parametric EQ,PEQ2-B-J06,,False,False,
PH-90 Phaser,PH90-F-B01,Enabled,True,True,
PH-90 Phaser,PH90-F-D02,Peak Meter,False,False,
PH-90 Phaser,PH90-F-D01,Device Name,True,False,
PH-90 Phaser,PH90-F-K01,Frequency,True,True,
PH-90 Phaser,PH90-F-K02,Split,True,True,
PH-90 Phaser,PH90-F-K03,Width,True,True,
PH-90 Phaser,PH90-F-K04,Rate,True,True,
PH-90 Phaser,PH90-F-B02,LFO Sync Enable,True,True,
PH-90 Phaser,PH90-F-K05,Frequency Modulation,True,True,
PH-90 Phaser,PH90-F-K06,Feedback,True,True,
PH-90 Phaser,PH90-B-D01,,False,False,
PH-90 Phaser,PH90-B-K01,,False,False,
PH-90 Phaser,PH90-B-J01,,False,False,
PH-90 Phaser,PH90-B-K02,,False,False,
PH-90 Phaser,PH90-B-J02,,False,False,
PH-90 Phaser,PH90-B-J03,,False,False,
PH-90 Phaser,PH90-B-J04,,False,False,
PH-90 Phaser,PH90-B-J05,,False,False,
PH-90 Phaser,PH90-B-J06,,False,False,
Pulsar Dual LFO,PULS-F-D04,Device Name,True,False,
Pulsar Dual LFO,PULS-F-D01,,False,False,
Pulsar Dual LFO,PULS-F-K02,LFO1 Rate Free,False,False,
Pulsar Dual LFO,PULS-F-B01,LFO1 Waveform,False,False,
Pulsar Dual LFO,PULS-F-D05,LFO1 Waveform,False,False,
Pulsar Dual LFO,PULS-F-B05,LFO1 Waveform,False,False,
Pulsar Dual LFO,PULS-F-K03,LFO1 Level,False,False,
Pulsar Dual LFO,PULS-F-B07,LFO1 Env Sync,False,False,
Pulsar Dual LFO,PULS-F-B09,LFO1 Tempo Sync,False,False,
Pulsar Dual LFO,PULS-F-K10,LFO1 Phase,False,False,
Pulsar Dual LFO,PULS-F-K11,LFO1 Shuffle,False,False,
Pulsar Dual LFO,PULS-F-K12,LFO1 Lag,False,False,
Pulsar Dual LFO,PULS-F-K01,LFO2 to LFO1 Rate,False,False,
Pulsar Dual LFO,PULS-F-K04,LFO2 to LFO1 Level,False,False,
Pulsar Dual LFO,PULS-F-B10,Sync LFO1 to LFO2,False,False,
Pulsar Dual LFO,PULS-F-D02,,False,False,
Pulsar Dual LFO,PULS-F-K05,LFO2 Rate Free,False,False,
Pulsar Dual LFO,PULS-F-B02,LFO2 Waveform,False,False,
Pulsar Dual LFO,PULS-F-D06,LFO2 Waveform,False,False,
Pulsar Dual LFO,PULS-F-B06,LFO2 Waveform,False,False,
Pulsar Dual LFO,PULS-F-K06,LFO2 Level,False,False,
Pulsar Dual LFO,PULS-F-B08,LFO2 Enabled,False,False,
Pulsar Dual LFO,PULS-F-B11,LFO2 Tempo Sync,False,False,
Pulsar Dual LFO,PULS-F-K13,LFO2 Phase,False,False,
Pulsar Dual LFO,PULS-F-K14,LFO2 Shuffle,False,False,
Pulsar Dual LFO,PULS-F-K15,LFO2 Lag,False,False,
Pulsar Dual LFO,PULS-F-B04,LFO2 Triggers Envelope,False,False,
Pulsar Dual LFO,PULS-F-D03,,False,False,
Pulsar Dual LFO,PULS-F-B03,Trig,False,False,
Pulsar Dual LFO,PULS-F-K07,Attack,False,False,
Pulsar Dual LFO,PULS-F-K08,Release,False,False,
Pulsar Dual LFO,PULS-F-K16,LFO1 Env Rate,False,False,
Pulsar Dual LFO,PULS-F-K17,LFO1 Env Level,False,False,
Pulsar Dual LFO,PULS-F-K18,LFO2 Env Rate,False,False,
Pulsar Dual LFO,PULS-F-K19,LFO2 Env Level,False,False,
Pulsar Dual LFO,PULS-F-K09,Keyboard Track,False,False,
Pulsar Dual LFO,PULS-B-D01,,False,False,
Pulsar Dual LFO,PULS-B-K01,,False,False,
Pulsar Dual LFO,PULS-B-J01,,False,False,
Pulsar Dual LFO,PULS-B-K02,,False,False,
Pulsar Dual LFO,PULS-B-J02,,False,False,
Pulsar Dual LFO,PULS-B-K03,,False,False,
Pulsar Dual LFO,PULS-B-J03,,False,False,
Pulsar Dual LFO,PULS-B-K04,,False,False,
Pulsar Dual LFO,PULS-B-J04,,False,False,
Pulsar Dual LFO,PULS-B-K05,,False,False,
Pulsar Dual LFO,PULS-B-J05,,False,False,
Pulsar Dual LFO,PULS-B-K06,,False,False,
Pulsar Dual LFO,PULS-B-J06,,False,False,
Pulsar Dual LFO,PULS-B-K07,,False,False,
Pulsar Dual LFO,PULS-B-J07,,False,False,
Pulsar Dual LFO,PULS-B-K08,,False,False,
Pulsar Dual LFO,PULS-B-J08,,False,False,
Pulsar Dual LFO,PULS-B-J10,,False,False,
Pulsar Dual LFO,PULS-B-J20,,False,False,
Pulsar Dual LFO,PULS-B-J11,,False,False,
Pulsar Dual LFO,PULS-B-J21,,False,False,
Pulsar Dual LFO,PULS-B-J12,,False,False,
Pulsar Dual LFO,PULS-B-J22,,False,False,
Pulsar Dual LFO,PULS-B-J13,,False,False,
Pulsar Dual LFO,PULS-B-J23,,False,False,
Pulsar Dual LFO,PULS-B-J14,,False,False,
Pulsar Dual LFO,PULS-B-J25,,False,False,
Pulsar Dual LFO,PULS-B-J15,,False,False,
Pulsar Dual LFO,PULS-B-J26,,False,False,
Pulsar Dual LFO,PULS-B-J16,,False,False,
Pulsar Dual LFO,PULS-B-J27,,False,False,
Pulsar Dual LFO,PULS-B-J17,,False,False,
Pulsar Dual LFO,PULS-B-J28,,False,False,
Pulsar Dual LFO,PULS-B-J09,,False,False,
Pulsar Dual LFO,PULS-B-J24,,False,False,
Pulsar Dual LFO,PULS-B-J18,,False,False,
Pulsar Dual LFO,PULS-B-J19,,False,False,
RPG-8 Monophonic Arpeggiator,RPG8-F-D03,Device Name,True,False,
RPG-8 Monophonic Arpeggiator,RPG8-F-K01,Velocity/Manual,False,False,
RPG-8 Monophonic Arpeggiator,RPG8-F-D02,,False,False,
RPG-8 Monophonic Arpeggiator,RPG8-F-D01,,False,False,
RPG-8 Monophonic Arpeggiator,RPG8-F-B24,Hold,False,False,
RPG-8 Monophonic Arpeggiator,RPG8-F-D04,Octave Shift,False,False,
RPG-8 Monophonic Arpeggiator,RPG8-F-B31,Octave Shift Down,False,False,
RPG-8 Monophonic Arpeggiator,RPG8-F-B32,Octave Shift Up,False,False,
RPG-8 Monophonic Arpeggiator,RPG8-F-B01,Arpeggiator Enable,False,False,
RPG-8 Monophonic Arpeggiator,RPG8-F-K02,Mode,False,False,
RPG-8 Monophonic Arpeggiator,RPG8-F-B05,Octave 4,False,False,
RPG-8 Monophonic Arpeggiator,RPG8-F-B25,Octave 3,False,False,
RPG-8 Monophonic Arpeggiator,RPG8-F-B27,Octave 2,False,False,
RPG-8 Monophonic Arpeggiator,RPG8-F-B28,Octave 1,False,False,
RPG-8 Monophonic Arpeggiator,RPG8-F-B06,Insert 4-2,False,False,
RPG-8 Monophonic Arpeggiator,RPG8-F-B07,Insert 3-1,False,False,
RPG-8 Monophonic Arpeggiator,RPG8-F-B26,Insert High,False,False,
RPG-8 Monophonic Arpeggiator,RPG8-F-B29,Insert Low,False,False,
RPG-8 Monophonic Arpeggiator,RPG8-F-B30,Insert Off,False,False,
RPG-8 Monophonic Arpeggiator,RPG8-F-B33,Sync,False,False,
RPG-8 Monophonic Arpeggiator,RPG8-F-B34,,False,False,
RPG-8 Monophonic Arpeggiator,RPG8-F-D06,,False,False,
RPG-8 Monophonic Arpeggiator,RPG8-F-K03,Rate,False,False,
RPG-8 Monophonic Arpeggiator,RPG8-F-D07,,False,False,
RPG-8 Monophonic Arpeggiator,RPG8-F-K04,Gate Length,False,False,
RPG-8 Monophonic Arpeggiator,RPG8-F-B35,Single Note Repeat,False,False,
RPG-8 Monophonic Arpeggiator,RPG8-F-B02,Pattern Enable,False,False,
RPG-8 Monophonic Arpeggiator,RPG8-F-B03,Pattern Length Down,False,False,
RPG-8 Monophonic Arpeggiator,RPG8-F-B04,Pattern Length Up,False,False,
RPG-8 Monophonic Arpeggiator,RPG8-F-B08,Pattern Step 1,False,False,
RPG-8 Monophonic Arpeggiator,RPG8-F-B09,Pattern Step 2,False,False,
RPG-8 Monophonic Arpeggiator,RPG8-F-B10,Pattern Step 3,False,False,
RPG-8 Monophonic Arpeggiator,RPG8-F-B11,Pattern Step 4,False,False,
RPG-8 Monophonic Arpeggiator,RPG8-F-B12,Pattern Step 5,False,False,
RPG-8 Monophonic Arpeggiator,RPG8-F-B13,Pattern Step 6,False,False,
RPG-8 Monophonic Arpeggiator,RPG8-F-B14,Pattern Step 7,False,False,
RPG-8 Monophonic Arpeggiator,RPG8-F-B15,Pattern Step 8,False,False,
RPG-8 Monophonic Arpeggiator,RPG8-F-B16,Pattern Step 9,False,False,
RPG-8 Monophonic Arpeggiator,RPG8-F-B17,Pattern Step 10,False,False,
RPG-8 Monophonic Arpeggiator,RPG8-F-B18,Pattern Step 11,False,False,
RPG-8 Monophonic Arpeggiator,RPG8-F-B19,Pattern Step 12,False,False,
RPG-8 Monophonic Arpeggiator,RPG8-F-B20,Pattern Step 13,False,False,
RPG-8 Monophonic Arpeggiator,RPG8-F-B21,Pattern Step 14,False,False,
RPG-8 Monophonic Arpeggiator,RPG8-F-B22,Pattern Step 15,False,False,
RPG-8 Monophonic Arpeggiator,RPG8-F-B23,Pattern Step 16,False,False,
RPG-8 Monophonic Arpeggiator,RPG8-F-D05,,False,False,
RPG-8 Monophonic Arpeggiator,RPG8-F-B36,Pattern Shuffle,False,False,
RPG-8 Monophonic Arpeggiator,RPG8-B-D01,,False,False,
RPG-8 Monophonic Arpeggiator,RPG8-B-K01,,False,False,
RPG-8 Monophonic Arpeggiator,RPG8-B-J01,,False,False,
RPG-8 Monophonic Arpeggiator,RPG8-B-K02,,False,False,
RPG-8 Monophonic Arpeggiator,RPG8-B-J04,,False,False,
RPG-8 Monophonic Arpeggiator,RPG8-B-K03,,False,False,
RPG-8 Monophonic Arpeggiator,RPG8-B-J07,,False,False,
RPG-8 Monophonic Arpeggiator,RPG8-B-K04,,False,False,
RPG-8 Monophonic Arpeggiator,RPG8-B-J10,,False,False,
RPG-8 Monophonic Arpeggiator,RPG8-B-J13,,False,False,
RPG-8 Monophonic Arpeggiator,RPG8-B-J02,,False,False,
RPG-8 Monophonic Arpeggiator,RPG8-B-J05,,False,False,
RPG-8 Monophonic Arpeggiator,RPG8-B-J08,,False,False,
RPG-8 Monophonic Arpeggiator,RPG8-B-J11,,False,False,
RPG-8 Monophonic Arpeggiator,RPG8-B-J03,,False,False,
RPG-8 Monophonic Arpeggiator,RPG8-B-J06,,False,False,
RPG-8 Monophonic Arpeggiator,RPG8-B-J09,,False,False,
RPG-8 Monophonic Arpeggiator,RPG8-B-J12,,False,False,
RPG-8 Monophonic Arpeggiator,RPG8-B-J14,,False,False,
RPG-8 Monophonic Arpeggiator,RPG8-B-D02,,False,False,
RV-7 Digital Reverb,RV7-F-B01,Enabled,True,True,
RV-7 Digital Reverb,RV7-F-D02,Peak Meter,False,False,
RV-7 Digital Reverb,RV7-F-D01,Device Name,True,False,
RV-7 Digital Reverb,RV7-F-D03,,False,False,
RV-7 Digital Reverb,RV7-F-B02,Algorithm,True,True,
RV-7 Digital Reverb,RV7-F-K01,Size,True,True,
RV-7 Digital Reverb,RV7-F-K02,Decay,True,True,
RV-7 Digital Reverb,RV7-F-K03,Damping,True,True,
RV-7 Digital Reverb,RV7-F-K04,Dry/Wet,True,True,
RV-7 Digital Reverb,RV7-B-J01,,False,False,
RV-7 Digital Reverb,RV7-B-K01,,False,False,
RV-7 Digital Reverb,RV7-B-D01,,False,False,
RV-7 Digital Reverb,RV7-B-J02,,False,False,
RV-7 Digital Reverb,RV7-B-J03,,False,False,
RV-7 Digital Reverb,RV7-B-J04,,False,False,
RV-7 Digital Reverb,RV7-B-J05,,False,False,
RV7000 Advanced Reverb,RV7K-F-B01,Enabled,True,True,
RV7000 Advanced Reverb,RV7K-F-D03,Input Peak Meter,False,False,
RV7000 Advanced Reverb,RV7K-F-D01,Device Name,True,False,
RV7000 Advanced Reverb,RV7K-F-D02,Patch Name,False,False,
RV7000 Advanced Reverb,RV7K-F-B03,Select Previous Patch,True,False,
RV7000 Advanced Reverb,RV7K-F-B04,Select Next Patch,True,False,
RV7000 Advanced Reverb,RV7K-F-B05,,False,False,
RV7000 Advanced Reverb,RV7K-F-B06,,False,False,
RV7000 Advanced Reverb,RV7K-F-B02,,False,False,
RV7000 Advanced Reverb,RV7K-F-B08,,False,False,
RV7000 Advanced Reverb,RV7K-F-B07,EQ On/Off,True,True,
RV7000 Advanced Reverb,RV7K-F-B09,Gate On/Off,True,True,
RV7000 Advanced Reverb,RV7K-F-K01,Decay,True,True,
RV7000 Advanced Reverb,RV7K-F-K02,HF Damp,True,True,
RV7000 Advanced Reverb,RV7K-F-K03,Hi EQ,True,True,
RV7000 Advanced Reverb,RV7K-F-K04,Dry/Wet,True,True,
RV7000 Advanced Reverb,RV7K-B-D01,,False,False,
RV7000 Advanced Reverb,RV7K-B-K01,,False,False,
RV7000 Advanced Reverb,RV7K-B-J01,,False,False,
RV7000 Advanced Reverb,RV7K-B-K02,,False,False,
RV7000 Advanced Reverb,RV7K-B-J02,,False,False,
RV7000 Advanced Reverb,RV7K-B-J03,,False,False,
RV7000 Advanced Reverb,RV7K-B-J04,,False,False,
RV7000 Advanced Reverb,RV7K-B-J05,,False,False,
RV7000 Advanced Reverb,RV7K-B-J06,,False,False,
RV7000 Advanced Reverb,RV7K-B-J07,,False,False,
RV7000 Advanced Reverb,RV7K-F-B13,Edit Mode,True,True,
RV7000 Advanced Reverb,RV7K-F-D05,Edit Mode Name,False,False,
RV7000 Advanced Reverb,RV7K-F-B10,,False,False,
RV7000 Advanced Reverb,RV7K-F-B11,,False,False,
RV7000 Advanced Reverb,RV7K-F-B12,,False,False,
RV7000 Advanced Reverb,RV7K-F-D04,,False,False,
RV7000 Advanced Reverb,RV7K-F-K05,Soft Knob 1,True,True,volatile
RV7000 Advanced Reverb,RV7K-F-K06,Soft Knob 5,True,True,volatile
RV7000 Advanced Reverb,RV7K-F-K07,Soft Knob 2,True,True,volatile
RV7000 Advanced Reverb,RV7K-F-K08,Soft Knob 6,True,True,volatile
RV7000 Advanced Reverb,RV7K-F-K09,Soft Knob 3,True,True,volatile
RV7000 Advanced Reverb,RV7K-F-K10,Soft Knob 7,True,True,volatile
RV7000 Advanced Reverb,RV7K-F-K11,Soft Knob 4,True,True,volatile
RV7000 Advanced Reverb,RV7K-F-K12,Soft Knob 8,True,True,volatile
Scream 4 Distortion,SCR4-F-B01,Enabled,True,True,
Scream 4 Distortion,SCR4-F-D01,Input Peak Meter,False,False,
Scream 4 Distortion,SCR4-F-D02,Device Name,False,False,
Scream 4 Distortion,SCR4-F-B02,,False,False,
Scream 4 Distortion,SCR4-F-D03,Patch Name,False,False,
Scream 4 Distortion,SCR4-F-B03,Select Previous Patch,False,False,
Scream 4 Distortion,SCR4-F-B09,Select Next Patch,False,False,
Scream 4 Distortion,SCR4-F-B04,,False,False,
Scream 4 Distortion,SCR4-F-B05,,False,False,
Scream 4 Distortion,SCR4-F-B06,Damage On/Off,True,True,
Scream 4 Distortion,SCR4-F-K01,Damage Control,True,True,
Scream 4 Distortion,SCR4-F-K02,Damage Type,True,True,
Scream 4 Distortion,SCR4-F-D04,,False,False,
Scream 4 Distortion,SCR4-F-K03,Parameter 1,True,True,volatile
Scream 4 Distortion,SCR4-F-K04,Parameter 2,True,True,volatile
Scream 4 Distortion,SCR4-F-B07,Cut On/Off,True,True,
Scream 4 Distortion,SCR4-F-S01,Cut Lo,True,True,
Scream 4 Distortion,SCR4-F-S02,Cut Mid,True,True,
Scream 4 Distortion,SCR4-F-S03,Cut Hi,True,True,
Scream 4 Distortion,SCR4-F-B08,Body On/Off,True,True,
Scream 4 Distortion,SCR4-F-K05,Body Resonance,True,True,
Scream 4 Distortion,SCR4-F-K06,Body Scale,True,True,
Scream 4 Distortion,SCR4-F-K07,Body Auto,True,True,
Scream 4 Distortion,SCR4-F-K08,Body Type,True,True,
Scream 4 Distortion,SCR4-F-K09,Master Level,True,True,
Scream 4 Distortion,SCR4-B-J01,,False,False,
Scream 4 Distortion,SCR4-B-K01,Damage Control CV Input,False,False,
Scream 4 Distortion,SCR4-B-J02,,False,False,
Scream 4 Distortion,SCR4-B-K02,Parameter 1 CV Input,False,False,
Scream 4 Distortion,SCR4-B-J03,,False,False,
Scream 4 Distortion,SCR4-B-K03,Parameter 2 CV Input,False,False,
Scream 4 Distortion,SCR4-B-J04,,False,False,
Scream 4 Distortion,SCR4-B-K04,Body Scale CV Input,False,False,
Scream 4 Distortion,SCR4-B-J05,,False,False,
Scream 4 Distortion,SCR4-B-J06,,False,False,
Scream 4 Distortion,SCR4-B-J07,,False,False,
Scream 4 Distortion,SCR4-B-J08,,False,False,
Scream 4 Distortion,SCR4-B-J09,,False,False,
Spider Audio Merger & Splitter,SPDA-F-D01,Device Name,True,False,
Spider Audio Merger & Splitter,SPDA-F-D02,Merge Input 1 Left Activity,False,False,
Spider Audio Merger & Splitter,SPDA-F-D07,Merge Input 1 Right Activity,False,False,
Spider Audio Merger & Splitter,SPDA-F-D03,Merge Input 2 Left Activity,False,False,
Spider Audio Merger & Splitter,SPDA-F-D08,Merge Input 2 Right Activity,False,False,
Spider Audio Merger & Splitter,SPDA-F-D04,Merge Input 3 Left Activity,False,False,
Spider Audio Merger & Splitter,SPDA-F-D09,Merge Input 3 Right Activity,False,False,
Spider Audio Merger & Splitter,SPDA-F-D05,Merge Input 4 Left Activity,False,False,
Spider Audio Merger & Splitter,SPDA-F-D10,Merge Input 4 Right Activity,False,False,
Spider Audio Merger & Splitter,SPDA-F-D06,Split Input Left Activity,False,False,
Spider Audio Merger & Splitter,SPDA-F-D11,Split Input Right Activity,False,False,
Spider Audio Merger & Splitter,SPDA-B-D01,,False,False,
Spider Audio Merger & Splitter,SPDA-B-J01,,False,False,
Spider Audio Merger & Splitter,SPDA-B-J11,,False,False,
Spider Audio Merger & Splitter,SPDA-B-J02,,False,False,
Spider Audio Merger & Splitter,SPDA-B-J12,,False,False,
Spider Audio Merger & Splitter,SPDA-B-J03,,False,False,
Spider Audio Merger & Splitter,SPDA-B-J13,,False,False,
Spider Audio Merger & Splitter,SPDA-B-J04,,False,False,
Spider Audio Merger & Splitter,SPDA-B-J14,,False,False,
Spider Audio Merger & Splitter,SPDA-B-J05,,False,False,
Spider Audio Merger & Splitter,SPDA-B-J15,,False,False,
Spider Audio Merger & Splitter,SPDA-B-J06,,False,False,
Spider Audio Merger & Splitter,SPDA-B-J16,,False,False,
Spider Audio Merger & Splitter,SPDA-B-J07,,False,False,
Spider Audio Merger & Splitter,SPDA-B-J17,,False,False,
Spider Audio Merger & Splitter,SPDA-B-J08,,False,False,
Spider Audio Merger & Splitter,SPDA-B-J18,,False,False,
Spider Audio Merger & Splitter,SPDA-B-J09,,False,False,
Spider Audio Merger & Splitter,SPDA-B-J19,,False,False,
Spider Audio Merger & Splitter,SPDA-B-J10,,False,False,
Spider Audio Merger & Splitter,SPDA-B-J20,,False,False,
Spider CV Merger & Splitter,SPDC-F-D01,Device Name,True,False,
Spider CV Merger & Splitter,SPDC-F-D04,Merge Input 1 Activity,False,False,
Spider CV Merger & Splitter,SPDC-F-D05,Merge Input 2 Activity,False,False,
Spider CV Merger & Splitter,SPDC-F-D06,Merge Input 3 Activity,False,False,
Spider CV Merger & Splitter,SPDC-F-D07,Merge Input 4 Activity,False,False,
Spider CV Merger & Splitter,SPDC-F-D02,Split A Input Activity,False,False,
Spider CV Merger & Splitter,SPDC-F-D03,Split B Input Activity,False,False,
Spider CV Merger & Splitter,SPDC-B-D01,,False,False,
Spider CV Merger & Splitter,SPDC-B-K01,,False,False,
Spider CV Merger & Splitter,SPDC-B-J07,,False,False,
Spider CV Merger & Splitter,SPDC-B-K02,,False,False,
Spider CV Merger & Splitter,SPDC-B-J08,,False,False,
Spider CV Merger & Splitter,SPDC-B-K03,,False,False,
Spider CV Merger & Splitter,SPDC-B-J09,,False,False,
Spider CV Merger & Splitter,SPDC-B-K04,,False,False,
Spider CV Merger & Splitter,SPDC-B-J10,,False,False,
Spider CV Merger & Splitter,SPDC-B-J11,,False,False,
Spider CV Merger & Splitter,SPDC-B-J01,,False,False,
Spider CV Merger & Splitter,SPDC-B-J02,,False,False,
Spider CV Merger & Splitter,SPDC-B-J03,,False,False,
Spider CV Merger & Splitter,SPDC-B-J12,,False,False,
Spider CV Merger & Splitter,SPDC-B-J13,,False,False,
Spider CV Merger & Splitter,SPDC-B-J04,,False,False,
Spider CV Merger & Splitter,SPDC-B-J05,,False,False,
Spider CV Merger & Splitter,SPDC-B-J06,,False,False,
Spider CV Merger & Splitter,SPDC-B-J14,,False,False,
Spider CV Merger & Splitter,SPDC-B-J15,,False,False,
The Echo,ECHO-F-B02,Enabled,True,True,
The Echo,ECHO-F-B01,,False,False,
The Echo,ECHO-F-D02,Input Peak Meter,False,False,
The Echo,ECHO-F-D03,Device Name,True,False,
The Echo,ECHO-F-D01,Patch Name,False,False,
The Echo,ECHO-F-B03,Select Previous Patch,True,False,
The Echo,ECHO-F-B04,Select Next Patch,True,False,
The Echo,ECHO-F-B05,,False,False,
The Echo,ECHO-F-B06,,False,False,
The Echo,ECHO-F-B07,Input Mode,True,True,
The Echo,ECHO-F-B09,Trig,True,True,
The Echo,ECHO-F-S01,Roll Enabled,True,True,
The Echo,ECHO-F-K01,Delay Time,True,True,
The Echo,ECHO-F-K02,Right Ch Time Offset,True,True,
The Echo,ECHO-F-B10,Keep Pitch,True,True,
The Echo,ECHO-F-B11,Sync,True,True,
The Echo,ECHO-F-B14,Ping-Pong Mode,True,True,
The Echo,ECHO-F-K09,Ping-Pong Pan,True,True,
The Echo,ECHO-F-K03,Feedback,True,True,
The Echo,ECHO-F-K04,Right Ch Feedback Offset,True,True,
The Echo,ECHO-F-B12,Diffuse On,True,True,
The Echo,ECHO-F-K10,Diffuse Spread,True,True,
The Echo,ECHO-F-K11,Diffuse Amount,True,True,
The Echo,ECHO-F-K05,Drive Amount,True,True,
The Echo,ECHO-F-B08,Drive Type,True,True,
The Echo,ECHO-F-B13,Filter On,True,True,
The Echo,ECHO-F-K12,Filter Frequency,True,True,
The Echo,ECHO-F-K13,Filter Resonance,True,True,
The Echo,ECHO-F-K06,Envelope,True,True,
The Echo,ECHO-F-K07,Wobble,True,True,
The Echo,ECHO-F-K14,LFO Rate,True,True,
The Echo,ECHO-F-K15,LFO Amount,True,True,
The Echo,ECHO-F-K08,Dry/Wet Balance,True,True,
The Echo,ECHO-F-K16,Ducking,True,True,
The Echo,ECHO-B-J01,,False,False,
The Echo,ECHO-B-J02,,False,False,
The Echo,ECHO-B-J03,,False,False,
The Echo,ECHO-B-J04,,False,False,
The Echo,ECHO-B-K01,Delay Time CV Modulation Amount,False,False,
The Echo,ECHO-B-K02,Filter Frequency CV Modulation Amount,False,False,
The Echo,ECHO-B-J05,,False,False,
The Echo,ECHO-B-J06,,False,False,
The Echo,ECHO-B-J07,,False,False,
The Echo,ECHO-B-J08,,False,False,
The Echo,ECHO-B-J09,,False,False,
The Echo,ECHO-B-J10,,False,False,
The Echo,ECHO-B-J11,,False,False,
The Echo,ECHO-B-J12,,False,False,
UN-16 Unison,UN16-F-B01,Enabled,True,True,
UN-16 Unison,UN16-F-D02,Peak Meter,False,False,
UN-16 Unison,UN16-F-D01,Device Name,True,False,
UN-16 Unison,UN16-F-B02,Voice Count,True,True,
UN-16 Unison,UN16-F-K01,Detune,True,True,
UN-16 Unison,UN16-F-K02,Dry/Wet,True,True,
UN-16 Unison,UN16-B-J01,,False,False,
UN-16 Unison,UN16-B-K01,,False,False,
UN-16 Unison,UN16-B-D01,,False,False,
UN-16 Unison,UN16-B-J02,,False,False,
UN-16 Unison,UN16-B-J03,,False,False,
UN-16 Unison,UN16-B-J04,,False,False,
UN-16 Unison,UN16-B-J05,,False,False,
